SalePrice,Overall_Qual,Overall_Cond,Gr_Liv_Area,Lot_Area,Year_Built,Total_Bsmt_SF,Garage_Cars,Garage_Yr_Blt,Full_Bath,Bedroom_AbvGr,Neighborhood,House_Style,Kitchen_Qual,Exter_Qual
215000,6,5,1656,31770,1960,1080.0,2.0,1960.0,1,3,NAmes,1Story,TA,TA
105000,5,6,896,11622,1961,882.0,1.0,1961.0,1,2,NAmes,1Story,TA,TA
172000,6,6,1329,14267,1958,1329.0,1.0,1958.0,1,3,NAmes,1Story,Gd,TA
244000,7,5,2110,11160,1968,2110.0,2.0,1968.0,2,3,NAmes,1Story,Ex,Gd
189900,5,5,1629,13830,1997,928.0,2.0,1997.0,2,3,Gilbert,2Story,TA,TA
195500,6,6,1604,9978,1998,926.0,2.0,1998.0,2,3,Gilbert,2Story,Gd,TA
213500,8,5,1338,4920,2001,1338.0,2.0,2001.0,2,2,StoneBr,1Story,Gd,Gd
191500,8,5,1280,5005,1992,1280.0,2.0,1992.0,2,2,StoneBr,1Story,Gd,Gd
236500,8,5,1616,5389,1995,1595.0,2.0,1995.0,2,2,StoneBr,1Story,Gd,Gd
189000,7,5,1804,7500,1999,994.0,2.0,1999.0,2,3,Gilbert,2Story,Gd,TA
175900,6,5,1655,10000,1993,763.0,2.0,1993.0,2,3,Gilbert,2Story,TA,TA
185000,6,7,1187,7980,1992,1168.0,2.0,1992.0,2,3,Gilbert,1Story,TA,TA
180400,6,5,1465,8402,1998,789.0,2.0,1998.0,2,3,Gilbert,2Story,TA,TA
171500,7,5,1341,10176,1990,1300.0,2.0,1990.0,1,2,Gilbert,1Story,Gd,TA
212000,8,5,1502,6820,1985,1488.0,2.0,1985.0,1,1,StoneBr,1Story,Gd,Gd
538000,8,5,3279,53504,2003,1650.0,3.0,2003.0,3,4,StoneBr,2Story,Ex,Ex
164000,8,7,1752,12134,1988,559.0,2.0,1988.0,2,4,Gilbert,1.5Fin,TA,Gd
394432,9,2,1856,11394,2010,1856.0,3.0,2010.0,1,1,StoneBr,1Story,Ex,Gd
141000,4,5,864,19138,1951,864.0,2.0,1951.0,1,2,Gilbert,1Story,TA,TA
210000,6,6,2073,13175,1978,1542.0,2.0,1978.0,2,3,NWAmes,1Story,TA,TA
190000,6,6,1844,11751,1977,1844.0,2.0,1977.0,2,3,NWAmes,1Story,TA,TA
170000,7,6,1173,10625,1974,1053.0,2.0,1974.0,2,3,NWAmes,SFoyer,Gd,TA
216000,7,5,1674,7500,2000,814.0,2.0,2000.0,2,3,Somerst,2Story,Gd,Gd
149000,6,7,1004,11241,1970,1004.0,2.0,1970.0,1,2,NAmes,1Story,TA,TA
149900,5,6,1078,12537,1971,1078.0,2.0,1971.0,1,3,NAmes,1Story,TA,TA
142000,5,6,1056,8450,1968,1056.0,1.0,1968.0,1,3,NAmes,1Story,TA,TA
126000,4,5,882,8400,1970,882.0,2.0,1970.0,1,2,NAmes,1Story,TA,TA
115000,4,5,864,10500,1971,864.0,0.0,,1,3,NAmes,1Story,TA,TA
184000,7,5,1337,5858,1999,1405.0,2.0,1999.0,2,2,NAmes,1Story,Gd,Gd
96000,6,5,987,1680,1971,483.0,1.0,1971.0,1,2,BrDale,2Story,TA,TA
105500,5,5,1092,1680,1971,525.0,1.0,1997.0,1,3,BrDale,2Story,TA,TA
88000,6,5,1092,1680,1971,525.0,1.0,1971.0,1,3,BrDale,2Story,TA,TA
127500,6,5,1069,4043,1977,1069.0,2.0,1977.0,2,2,NPkVill,1Story,TA,TA
149900,6,6,1456,2280,1975,855.0,2.0,1975.0,2,3,NPkVill,2Story,Gd,TA
120000,7,6,836,2280,1975,836.0,1.0,1975.0,1,2,NPkVill,1Story,TA,TA
146000,6,5,1456,2280,1978,855.0,2.0,1978.0,2,3,NPkVill,2Story,TA,TA
376162,9,5,2334,12858,2009,1590.0,3.0,2009.0,2,3,NridgHt,2Story,Ex,Ex
306000,8,5,1704,11478,2007,1704.0,3.0,2008.0,2,3,NridgHt,1Story,Gd,Gd
395192,9,5,1940,10159,2009,1930.0,3.0,2010.0,2,3,NridgHt,1Story,Ex,Ex
290941,8,5,1544,12883,2009,1544.0,3.0,2009.0,2,3,NridgHt,1Story,Gd,Gd
220000,7,5,1541,12182,2005,1541.0,2.0,2005.0,2,3,NridgHt,1Story,Gd,Gd
275000,9,5,1698,11520,2005,1698.0,3.0,2005.0,2,3,NridgHt,1Story,Ex,Gd
259000,8,5,1822,14122,2005,1822.0,3.0,2005.0,2,3,NridgHt,1Story,Ex,Gd
214000,7,5,1535,10171,2004,1517.0,2.0,2004.0,2,3,NridgHt,1Story,Gd,Gd
611657,9,5,2364,12919,2009,2330.0,3.0,2009.0,2,2,NridgHt,1Story,Ex,Ex
224000,7,5,1358,6371,2009,1358.0,2.0,2010.0,2,2,NridgHt,1Story,Gd,Gd
500000,9,5,2696,14300,2003,2846.0,3.0,2003.0,2,3,NridgHt,1Story,Ex,Ex
320000,8,5,2250,13650,2002,1671.0,3.0,2002.0,2,3,NridgHt,2Story,Gd,Gd
319900,9,5,1752,7658,2005,1752.0,2.0,2005.0,2,2,NridgHt,1Story,Ex,Ex
205000,8,5,1370,7132,2006,1370.0,2.0,2006.0,2,2,NridgHt,1Story,Gd,Gd
175500,7,5,1626,2628,2003,764.0,2.0,2003.0,2,2,NridgHt,2Story,Gd,Gd
199500,6,5,1324,18494,2005,1324.0,2.0,2005.0,2,3,Gilbert,1Story,Gd,Gd
160000,7,5,1145,3203,2006,1145.0,2.0,2006.0,2,2,Blmngtn,1Story,Gd,Gd
192000,8,5,1269,3182,2004,1256.0,2.0,2004.0,2,2,Blmngtn,1Story,Gd,Gd
184500,7,5,1374,13300,2004,384.0,2.0,2004.0,2,3,Gilbert,SLvl,Gd,Gd
216500,6,5,1960,7851,2002,860.0,2.0,2002.0,2,4,Gilbert,2Story,Gd,Gd
185088,7,5,1733,8577,2004,847.0,2.0,2004.0,2,3,Gilbert,2Story,Gd,Gd
180000,7,5,1430,7750,2000,384.0,2.0,2000.0,2,3,Gilbert,SLvl,TA,TA
222500,7,5,2035,9505,2001,884.0,2.0,2001.0,2,3,Gilbert,2Story,Gd,Gd
333168,9,5,2599,14774,1999,1393.0,3.0,1999.0,2,4,NoRidge,2Story,Gd,Gd
355000,8,5,2475,17433,1998,1629.0,3.0,1998.0,2,4,NoRidge,2Story,Gd,Gd
260400,7,5,1720,10593,1996,1720.0,2.0,1996.0,2,3,NoRidge,1Story,Gd,Gd
325000,8,5,2622,12256,1994,1463.0,2.0,1994.0,2,3,NoRidge,2Story,Gd,Gd
290000,8,7,2270,11764,1999,1152.0,3.0,1999.0,2,4,NoRidge,2Story,Gd,Gd
221000,7,5,1839,16770,1998,1195.0,2.0,1998.0,2,4,NoRidge,2Story,TA,Gd
410000,8,5,3238,14720,1995,2033.0,3.0,1996.0,2,4,NoRidge,1.5Fin,Gd,Gd
221500,8,5,1595,8987,2005,1595.0,3.0,2005.0,2,2,Somerst,1Story,Gd,Gd
204500,7,5,1218,9215,2009,1218.0,2.0,2009.0,2,2,Somerst,1Story,Gd,Gd
215200,7,5,1547,8640,2009,756.0,2.0,2009.0,2,3,Somerst,2Story,Gd,TA
262500,8,5,1566,9000,2008,1566.0,2.0,2008.0,2,3,Somerst,1Story,Gd,Gd
254900,7,5,1947,12552,2004,991.0,2.0,2004.0,2,3,Somerst,2Story,Gd,Gd
271500,6,5,1468,10440,2005,1468.0,2.0,2005.0,2,2,Somerst,1Story,Gd,Gd
233000,7,5,2084,10142,2004,956.0,2.0,2004.0,2,4,SawyerW,2Story,Gd,Gd
181000,7,5,1659,11920,2004,831.0,2.0,2004.0,2,3,SawyerW,2Story,Gd,Gd
205000,7,5,2110,8880,1994,948.0,2.0,1994.0,2,3,SawyerW,2Story,Gd,Gd
143000,6,5,923,8012,1980,923.0,1.0,1980.0,2,2,SawyerW,1Story,TA,TA
189000,6,5,1845,11218,1992,1055.0,2.0,1992.0,2,3,SawyerW,2Story,Gd,Gd
99500,6,5,918,7892,1979,918.0,1.0,1979.0,2,2,SawyerW,1Story,TA,TA
125000,6,5,752,7175,1984,744.0,1.0,1984.0,1,2,SawyerW,1Story,TA,TA
194500,7,7,1744,9453,1993,996.0,2.0,1993.0,2,3,SawyerW,2Story,Gd,Gd
152000,6,5,1097,9672,1984,1040.0,2.0,1986.0,2,3,SawyerW,1Story,TA,TA
171000,6,6,1564,8400,1980,650.0,2.0,1980.0,2,3,SawyerW,2Story,TA,TA
67500,5,5,1012,9800,1920,816.0,1.0,1920.0,1,2,SawyerW,1Story,TA,TA
112000,6,5,1902,8930,1978,0.0,2.0,1978.0,2,4,Sawyer,1.5Fin,TA,TA
148000,5,7,1155,11782,1961,1109.0,2.0,1987.0,1,3,Sawyer,SFoyer,Gd,TA
138500,5,8,894,8450,1965,894.0,1.0,1973.0,1,3,Sawyer,1Story,TA,TA
122000,5,5,900,9819,1967,882.0,1.0,1970.0,1,3,Sawyer,1Story,TA,TA
133000,5,5,1040,7500,1963,1040.0,1.0,1963.0,1,3,Sawyer,1Story,TA,TA
127000,5,8,1040,6897,1962,1040.0,1.0,1962.0,1,3,Sawyer,1Story,TA,TA
169000,6,6,1494,15410,1974,1208.0,2.0,1974.0,2,3,Sawyer,1Story,TA,TA
190000,7,5,1923,10186,1992,750.0,2.0,1992.0,2,3,NoRidge,2Story,Gd,Gd
362500,8,5,2349,13143,1993,1231.0,3.0,1993.0,2,4,NoRidge,2Story,Gd,Gd
285000,8,5,2225,11134,1992,1390.0,3.0,1992.0,2,4,NoRidge,2Story,Gd,Gd
260000,7,5,1488,4835,2004,1488.0,2.0,2004.0,2,2,Somerst,1Story,Gd,Gd
190000,7,5,1680,3515,2004,840.0,2.0,2004.0,2,2,Somerst,2Story,Gd,Gd
155000,7,5,1200,3215,2004,600.0,2.0,2004.0,2,2,Somerst,2Story,Gd,Gd
151000,7,5,1200,3182,2004,600.0,2.0,2004.0,2,2,Somerst,2Story,Gd,Gd
149500,7,5,1200,2544,2004,600.0,2.0,2004.0,2,2,Somerst,2Story,Gd,Gd
152000,6,5,1236,2544,2005,600.0,2.0,2005.0,2,2,Somerst,2Story,Gd,Gd
222000,7,5,1478,4403,2009,1470.0,2.0,2009.0,2,2,Somerst,1Story,Gd,Ex
177500,6,5,1573,2117,2000,756.0,2.0,2000.0,2,3,Somerst,2Story,Gd,Gd
177000,6,5,1512,2980,2000,756.0,2.0,2000.0,2,2,Somerst,2Story,Gd,Gd
155000,7,5,1416,2572,1999,696.0,2.0,1999.0,2,3,Somerst,2Story,Gd,Gd
147110,7,5,1080,2403,2003,530.0,2.0,2003.0,2,2,Somerst,2Story,Gd,Gd
267916,8,5,1418,12853,2010,1642.0,3.0,2010.0,1,1,Somerst,1Story,Gd,Gd
254000,8,5,1848,7379,2000,975.0,2.0,2000.0,2,3,Somerst,2Story,Gd,Gd
155000,8,5,788,4420,1980,728.0,2.0,1980.0,1,1,Greens,1Story,Gd,Gd
206000,8,6,1226,3880,1978,1226.0,2.0,1978.0,1,1,Greens,1Story,Gd,Gd
130500,6,8,1479,13517,1976,725.0,2.0,1976.0,2,3,Sawyer,2Story,Gd,Gd
230000,7,5,1492,8000,2002,1492.0,2.0,2002.0,2,3,Somerst,1Story,Gd,Gd
218500,6,6,1829,10456,1967,1829.0,2.0,1967.0,2,4,NWAmes,1Story,TA,TA
243500,6,5,2495,10791,1993,1280.0,2.0,1993.0,2,4,NWAmes,2Story,Gd,TA
205000,6,7,1610,10603,1977,1610.0,2.0,1977.0,2,3,NWAmes,1Story,Gd,TA
212500,6,5,1891,18837,1978,1224.0,2.0,1978.0,3,3,NWAmes,1.5Fin,TA,TA
196500,7,5,1714,10421,1988,980.0,2.0,1988.0,2,3,NWAmes,2Story,TA,TA
197500,6,7,1381,9360,1972,1161.0,2.0,1972.0,1,3,NWAmes,1Story,Gd,TA
171000,6,6,1645,9600,1971,715.0,2.0,1971.0,1,4,NWAmes,2Story,TA,TA
142250,5,5,1232,9600,1966,1232.0,2.0,1966.0,1,3,NAmes,1Story,TA,TA
143000,6,5,1328,9790,1963,1328.0,2.0,1963.0,1,3,NWAmes,1Story,TA,TA
128950,4,5,1225,9320,1959,950.0,0.0,,1,3,NAmes,1Story,TA,TA
159000,5,5,1209,9900,1966,1209.0,2.0,1966.0,1,3,NAmes,1Story,TA,TA
178900,5,6,1510,9680,1967,1510.0,2.0,1967.0,2,3,NAmes,1Story,Gd,TA
136300,6,5,1775,10600,1964,533.0,2.0,1964.0,2,3,NAmes,SLvl,TA,TA
180500,5,7,1152,14112,1964,1152.0,2.0,1964.0,1,3,NAmes,SLvl,TA,TA
137500,6,7,1054,8800,1963,936.0,2.0,1963.0,1,3,NAmes,SFoyer,Gd,TA
84900,5,6,1728,13260,1962,1728.0,0.0,,2,6,NAmes,1Story,TA,TA
142125,5,6,1078,9717,1950,1078.0,1.0,1950.0,1,2,NAmes,1Story,Gd,TA
197600,5,7,2461,9724,1952,1140.0,2.0,1994.0,2,3,NAmes,1.5Fin,TA,Gd
172500,6,6,1556,17360,1949,782.0,2.0,1949.0,2,3,NAmes,1.5Fin,TA,TA
116500,5,7,858,7207,1958,858.0,0.0,,1,2,BrkSide,1Story,TA,TA
76500,3,2,1306,5350,1940,728.0,0.0,,1,3,BrkSide,1Story,Fa,TA
128000,5,5,1063,9920,1954,1056.0,1.0,1954.0,1,3,NAmes,1Story,TA,TA
153000,6,6,1520,9600,1955,1156.0,1.0,1955.0,1,3,NAmes,SLvl,TA,TA
132000,5,6,1268,7800,1954,1268.0,1.0,1954.0,1,2,NAmes,1Story,TA,TA
178000,6,8,1128,11380,1966,1080.0,1.0,1966.0,1,2,NAmes,SFoyer,Gd,TA
154300,5,5,2274,11600,1960,1105.0,2.0,1960.0,2,5,NAmes,2Story,TA,TA
180000,7,5,2207,19900,1970,1947.0,2.0,1970.0,2,3,NAmes,1Story,TA,TA
190000,6,6,1888,16492,1966,1517.0,2.0,1966.0,2,2,NAmes,1Story,Gd,Gd
135000,5,5,1604,8267,1958,1604.0,2.0,1958.0,2,4,NAmes,1Story,TA,TA
214000,7,5,1480,8197,2003,1480.0,2.0,2003.0,2,3,NAmes,1Story,Gd,Gd
136000,5,5,1143,8050,1959,1143.0,1.0,1959.0,1,3,NAmes,1Story,TA,TA
165500,5,5,1700,10552,1959,1398.0,2.0,1959.0,1,4,NAmes,1Story,Gd,TA
145000,5,6,1314,8400,1957,1314.0,1.0,1957.0,1,3,NAmes,1Story,TA,TA
148000,6,6,1194,8760,1959,1194.0,1.0,1959.0,1,3,NAmes,1Story,TA,TA
142000,5,5,1188,12160,1959,1188.0,2.0,1959.0,1,3,NAmes,1Story,TA,TA
167500,5,5,1264,9300,1960,1268.0,2.0,1960.0,1,3,NAmes,1Story,TA,TA
108538,5,5,1206,10725,1959,1206.0,1.0,1959.0,1,3,NAmes,1Story,TA,TA
159500,6,5,1580,10032,1959,1244.0,2.0,1956.0,1,3,NAmes,1Story,TA,TA
108000,4,5,1337,8382,1956,832.0,1.0,1956.0,1,3,NAmes,1.5Fin,TA,TA
135000,5,7,1064,10950,1952,864.0,1.0,1952.0,1,2,NAmes,1Story,Fa,TA
122500,5,6,972,10895,1955,972.0,1.0,1955.0,1,3,NAmes,1Story,TA,TA
119000,5,5,988,13587,1958,988.0,1.0,1958.0,1,2,NAmes,1Story,TA,TA
109000,5,7,1057,7922,1953,1057.0,1.0,1953.0,1,3,NAmes,1Story,Gd,TA
105000,4,7,985,7898,1920,576.0,2.0,1989.0,1,2,NAmes,1Story,TA,TA
107500,5,7,827,7200,1955,0.0,1.0,1967.0,1,2,NAmes,1Story,TA,TA
144900,5,7,1086,10200,1954,1086.0,2.0,1989.0,1,3,NAmes,1Story,TA,TA
129000,5,7,936,5868,1956,936.0,1.0,1956.0,1,2,NAmes,1Story,TA,TA
97500,6,5,1458,17503,1948,912.0,1.0,1948.0,1,3,NAmes,1.5Fin,TA,TA
144000,6,5,1056,6979,1980,1056.0,2.0,1980.0,0,0,OldTown,SFoyer,TA,TA
162000,5,7,1287,9830,1959,1063.0,2.0,1997.0,1,3,NAmes,1Story,Gd,TA
242000,7,7,2978,11275,1967,710.0,2.0,1961.0,2,5,NAmes,SLvl,Gd,Gd
132000,6,8,1224,8064,1948,816.0,1.0,1950.0,1,3,NAmes,1.5Fin,TA,TA
154000,5,7,1246,7500,1959,1246.0,1.0,1959.0,1,3,NAmes,1Story,Gd,TA
166000,5,4,1385,8520,1952,910.0,2.0,2000.0,2,4,NAmes,1.5Fin,TA,TA
134800,5,7,900,7200,1951,900.0,2.0,2005.0,1,3,NAmes,1Story,Gd,TA
160000,6,6,1116,10000,1962,1116.0,2.0,1962.0,1,3,NAmes,1Story,TA,TA
148000,5,6,1175,7635,1960,1175.0,2.0,1960.0,1,3,NAmes,1Story,TA,TA
192000,6,7,1395,9760,1963,1395.0,2.0,1963.0,1,2,NAmes,1Story,TA,TA
155000,6,5,1839,7700,1966,756.0,2.0,1966.0,1,4,NAmes,2Story,TA,TA
80400,4,5,1844,4800,1900,709.0,1.0,1900.0,1,3,OldTown,1.5Fin,TA,TA
96500,4,7,1140,8800,1910,576.0,0.0,,1,3,OldTown,1.5Fin,TA,TA
109500,5,7,936,4485,1920,936.0,0.0,,1,2,OldTown,1Story,TA,TA
115000,5,6,1028,8960,1927,1008.0,2.0,1927.0,1,2,OldTown,1Story,TA,TA
143000,5,7,1347,5805,1957,1347.0,2.0,1957.0,1,3,OldTown,1Story,Gd,TA
107400,3,6,1605,5790,1915,840.0,1.0,1915.0,2,3,OldTown,2Story,TA,Gd
80000,4,6,747,4608,1945,747.0,1.0,1945.0,1,2,OldTown,1Story,TA,TA
119000,5,7,804,7200,1940,788.0,1.0,1940.0,1,2,OldTown,1Story,Gd,TA
130000,5,7,1316,5500,1929,926.0,2.0,1974.0,1,3,OldTown,1.5Fin,TA,TA
119000,6,7,1251,6900,1938,827.0,1.0,1938.0,1,3,OldTown,1.5Fin,Fa,TA
129000,5,7,1633,11851,1948,1027.0,1.0,1948.0,1,3,OldTown,1.5Fin,Gd,TA
100000,5,6,1245,8239,1920,1008.0,1.0,1962.0,1,3,OldTown,1.5Fin,TA,TA
12789,2,2,832,9656,1923,678.0,2.0,1928.0,1,2,OldTown,1Story,TA,TA
105900,6,8,720,8520,1928,624.0,2.0,2005.0,1,2,OldTown,1Story,TA,TA
150000,8,9,1566,9600,1900,930.0,1.0,1930.0,2,3,OldTown,2Story,Gd,Gd
139000,5,6,1652,10800,1915,686.0,1.0,1961.0,2,4,OldTown,1.5Fin,TA,TA
240000,8,9,2268,9000,1890,346.0,2.0,2003.0,3,3,OldTown,2Story,Gd,Gd
76500,5,3,2256,9045,1910,840.0,0.0,,2,4,OldTown,2Story,Fa,TA
149700,6,7,1236,7407,1957,912.0,2.0,1957.0,1,2,OldTown,1Story,TA,TA
125500,4,7,1363,7740,1910,622.0,2.0,1966.0,1,3,OldTown,2Story,TA,TA
122500,4,6,2290,11340,1885,777.0,2.0,1971.0,2,4,OldTown,2Story,TA,TA
140750,6,7,1470,10560,1922,738.0,2.0,1970.0,1,2,OldTown,2Story,TA,TA
128500,5,6,1612,5830,1950,988.0,1.0,1950.0,1,3,BrkSide,1.5Fin,TA,TA
209500,7,7,2068,7793,1922,1108.0,1.0,1928.0,1,3,BrkSide,2.5Unf,Gd,TA
87000,4,7,765,5000,1925,765.0,1.0,1926.0,1,2,BrkSide,1Story,Gd,TA
134000,6,7,1132,6000,1939,608.0,1.0,1939.0,1,2,BrkSide,1.5Fin,TA,TA
128000,6,6,1196,6000,1940,572.0,2.0,1973.0,1,3,BrkSide,1.5Fin,TA,TA
132000,5,6,1453,6360,1942,835.0,1.0,1942.0,1,3,BrkSide,1.5Fin,Gd,TA
139900,6,7,1416,6000,1948,780.0,1.0,1948.0,1,3,BrkSide,1.5Fin,TA,TA
123900,5,7,1040,6240,1936,528.0,2.0,1979.0,1,2,BrkSide,1.5Fin,TA,TA
138400,5,5,1536,6240,1930,928.0,2.0,1930.0,2,4,BrkSide,1.5Fin,TA,TA
109500,6,5,1068,6120,1923,1124.0,1.0,1923.0,1,2,OldTown,1Story,TA,TA
140000,7,6,1710,10300,1921,576.0,2.0,1990.0,2,3,OldTown,2Story,TA,TA
149500,4,5,1962,8094,1915,888.0,2.0,1915.0,1,4,OldTown,1.5Fin,TA,TA
159900,6,8,1560,12900,1912,780.0,0.0,,1,3,OldTown,2Story,Gd,Gd
122000,6,8,1324,3068,1920,662.0,1.0,1920.0,1,3,OldTown,2Story,TA,TA
110000,5,5,816,8472,1963,816.0,2.0,1963.0,1,2,IDOTRR,1Story,TA,Fa
55000,4,5,1092,5600,1930,0.0,0.0,,2,3,IDOTRR,2Story,Fa,Fa
140000,5,9,1812,7630,1900,360.0,2.0,1999.0,2,4,OldTown,2Story,Gd,TA
244400,7,7,2403,24090,1940,1032.0,1.0,1940.0,2,4,ClearCr,2Story,TA,TA
173000,5,5,1675,15263,1959,1422.0,1.0,1959.0,2,3,ClearCr,1Story,TA,TA
107500,5,3,1224,10632,1917,689.0,1.0,1917.0,1,3,ClearCr,1.5Fin,Po,TA
100000,5,4,1392,9900,1915,1212.0,0.0,,1,3,SWISU,1.5Fin,TA,Fa
95000,6,5,919,6001,1940,600.0,1.0,1940.0,1,3,SWISU,1.5Fin,TA,TA
93369,4,1,1884,6449,1907,707.0,0.0,,1,4,SWISU,2Story,TA,TA
114900,5,7,1680,6048,1910,856.0,2.0,1910.0,2,2,SWISU,1.5Fin,TA,TA
94000,5,8,1020,6342,1875,780.0,0.0,,1,2,Sawyer,1.5Fin,TA,TA
136000,4,3,1832,10773,1967,1832.0,0.0,,2,4,Sawyer,1Story,TA,Fa
136500,4,5,1768,10778,1968,1768.0,0.0,,2,4,Sawyer,1Story,TA,TA
131500,5,4,1039,11625,1965,1039.0,2.0,1965.0,1,3,Sawyer,1Story,TA,TA
121500,5,6,1392,11341,1957,1392.0,2.0,1957.0,1,3,Sawyer,1Story,TA,TA
125000,5,5,912,8521,1967,912.0,1.0,1974.0,1,3,Sawyer,1Story,TA,TA
154000,5,8,1060,8246,1968,1060.0,1.0,1968.0,1,3,Sawyer,1Story,Gd,TA
137900,5,7,892,7800,1966,864.0,1.0,1966.0,1,3,Sawyer,1Story,Gd,TA
158000,6,7,1352,9364,1969,663.0,1.0,1969.0,1,4,Sawyer,2Story,TA,TA
137250,5,5,864,7832,1968,864.0,1.0,1969.0,1,2,Sawyer,1Story,TA,TA
160250,5,5,1373,7424,1978,1319.0,2.0,1978.0,1,3,Sawyer,SFoyer,TA,TA
163000,5,5,1440,11227,1968,720.0,2.0,1968.0,1,4,Sawyer,2Story,TA,TA
158900,6,5,1386,11616,1978,672.0,2.0,1978.0,2,3,Sawyer,2Story,TA,TA
328000,7,5,2260,14000,1996,1306.0,2.0,1996.0,2,3,ClearCr,2Story,Gd,Gd
270000,7,7,1483,20062,1977,1420.0,2.0,1977.0,1,1,ClearCr,1Story,TA,Gd
85000,4,4,756,9259,1927,660.0,2.0,1945.0,1,2,Sawyer,1Story,TA,TA
128000,4,7,1067,9600,1950,1067.0,2.0,1996.0,2,2,Sawyer,1Story,Gd,TA
260000,7,6,1524,23595,1979,1332.0,2.0,1979.0,0,0,ClearCr,1Story,Gd,Gd
230000,6,5,1981,17082,1978,1117.0,2.0,1978.0,2,4,ClearCr,2Story,Gd,TA
124000,3,4,1610,18600,1938,972.0,1.0,1938.0,2,4,Edwards,1.5Fin,Fa,TA
83000,5,5,835,10625,1920,458.0,1.0,1920.0,1,2,Edwards,1Story,TA,TA
144500,6,7,1074,11479,1950,663.0,1.0,1987.0,1,3,Edwards,1Story,Gd,TA
129000,5,6,1144,9571,1956,1144.0,1.0,1956.0,1,3,Edwards,1Story,TA,TA
127000,4,6,1531,9350,1947,756.0,1.0,1947.0,1,3,Edwards,1.5Fin,TA,TA
128000,5,7,1172,9525,1954,1172.0,1.0,1954.0,1,3,Edwards,1Story,TA,TA
186000,6,5,1212,10420,2009,1212.0,2.0,2009.0,2,3,Edwards,1Story,Gd,TA
308030,7,5,1508,17485,2009,1508.0,2.0,2009.0,1,1,Edwards,1Story,Gd,Gd
114000,5,3,1298,11200,1964,1250.0,2.0,1964.0,2,3,Edwards,1Story,TA,TA
84900,4,7,930,11100,1946,0.0,1.0,1946.0,1,2,Edwards,1Story,Gd,TA
178000,6,5,1732,9206,1985,741.0,2.0,1985.0,2,3,SawyerW,2Story,Gd,Gd
270000,7,5,1433,11980,1987,1433.0,2.0,1987.0,1,1,SawyerW,1Story,Gd,Gd
218000,6,7,1802,12361,1993,946.0,4.0,2000.0,2,3,SawyerW,2Story,Gd,Gd
236000,7,5,1949,9938,1993,1050.0,2.0,1993.0,2,3,SawyerW,2Story,Gd,Gd
147000,6,6,996,9069,1992,936.0,2.0,1992.0,1,2,SawyerW,SFoyer,Gd,TA
245350,8,5,1694,10475,2008,1694.0,3.0,2008.0,2,3,CollgCr,1Story,Gd,Gd
206000,7,5,1208,6762,2006,1187.0,2.0,2006.0,2,2,CollgCr,1Story,Gd,Gd
198900,7,5,1226,10402,2009,1226.0,3.0,2009.0,2,3,CollgCr,1Story,Gd,TA
187000,7,5,1222,7360,2010,1222.0,2.0,2009.0,2,2,CollgCr,1Story,Gd,Gd
320000,7,5,3222,12376,1990,1673.0,3.0,1990.0,3,5,SawyerW,2Story,Gd,TA
138500,6,8,1445,14235,1900,676.0,2.0,1957.0,2,3,SawyerW,1.5Fin,TA,TA
155000,6,7,1052,8816,1971,1010.0,2.0,1971.0,1,3,ClearCr,SLvl,TA,TA
159000,5,5,965,11105,1996,870.0,2.0,1998.0,1,2,CollgCr,SFoyer,TA,TA
191000,7,5,1692,9337,1997,878.0,2.0,1997.0,2,3,CollgCr,2Story,TA,TA
200500,6,5,1682,8750,1998,804.0,2.0,1998.0,2,3,CollgCr,2Story,Gd,TA
150000,5,8,1026,15240,1977,1026.0,1.0,1977.0,1,3,CollgCr,1Story,TA,Gd
161750,6,7,1392,10900,1977,689.0,1.0,1977.0,1,3,CollgCr,2Story,TA,TA
128200,5,6,894,10650,1976,894.0,1.0,1976.0,1,3,CollgCr,1Story,TA,TA
127000,5,6,876,7480,1972,876.0,2.0,1977.0,1,3,CollgCr,1Story,TA,TA
318000,8,5,1978,10389,2003,1978.0,3.0,2003.0,2,3,CollgCr,1Story,Gd,Gd
272000,8,5,1601,11423,2001,1581.0,2.0,2001.0,2,3,CollgCr,1Story,Gd,Gd
237000,7,6,1829,9548,2003,941.0,2.0,2003.0,2,3,CollgCr,2Story,Gd,Gd
240000,7,5,2098,9375,1997,1040.0,2.0,1997.0,2,4,CollgCr,2Story,Gd,Gd
224900,7,5,1661,12137,1998,1649.0,2.0,1998.0,2,3,CollgCr,1Story,Gd,TA
143750,6,5,848,4435,2003,848.0,2.0,2003.0,1,1,CollgCr,1Story,Gd,Gd
143000,6,5,848,4426,2004,848.0,2.0,2004.0,1,1,CollgCr,1Story,Gd,Gd
232000,8,5,1668,10635,2003,1657.0,2.0,2003.0,2,3,CollgCr,1Story,Gd,Gd
213000,7,5,1484,8400,2004,1473.0,2.0,2004.0,2,3,CollgCr,1Story,Gd,Gd
185500,7,5,1414,8773,2004,1414.0,2.0,2004.0,2,3,CollgCr,1Story,Gd,Gd
84900,3,6,640,8777,1945,0.0,1.0,1945.0,1,2,Edwards,1Story,TA,TA
155891,5,6,992,8842,1954,381.0,1.0,1954.0,1,3,Edwards,1Story,TA,TA
100000,5,5,1664,9825,1965,0.0,0.0,,2,4,Edwards,1Story,TA,TA
144000,5,6,1196,10044,1968,1196.0,1.0,1968.0,1,3,Edwards,1Story,TA,TA
64000,4,5,1120,11792,1948,744.0,2.0,1956.0,1,2,Edwards,1.5Fin,Fa,TA
125200,6,6,1096,6305,1975,1008.0,1.0,1975.0,1,3,Edwards,SLvl,TA,TA
107000,6,5,1117,7819,1976,1029.0,2.0,1976.0,1,3,Edwards,SLvl,TA,TA
90000,4,5,960,6410,1958,960.0,0.0,,1,3,Edwards,1Story,TA,TA
140000,4,5,1121,8546,2003,1121.0,2.0,2003.0,2,2,Edwards,1Story,TA,TA
113000,6,4,1487,8741,1945,735.0,1.0,1949.0,1,3,Edwards,1.5Fin,TA,TA
80000,4,4,924,12180,1941,672.0,1.0,1941.0,1,2,Edwards,1.5Fin,Fa,TA
144500,5,6,1526,8562,1957,1216.0,1.0,1957.0,1,4,Edwards,1Story,TA,TA
104000,5,6,1296,4853,1924,1107.0,1.0,1979.0,2,2,SWISU,1Story,Fa,TA
128000,6,4,1647,6858,1915,806.0,1.0,1920.0,1,4,SWISU,2Story,Fa,TA
58500,3,3,864,8212,1914,864.0,1.0,1938.0,1,2,Edwards,1Story,TA,TA
127000,5,6,1691,5000,1924,1026.0,1.0,1924.0,2,3,SWISU,1.5Fin,Gd,TA
126000,6,6,856,7890,1939,856.0,2.0,1939.0,1,2,SWISU,1Story,TA,TA
160000,4,6,2650,7200,1967,0.0,0.0,,3,6,SWISU,2Story,TA,TA
100000,5,2,1666,9839,1931,894.0,0.0,,1,3,SWISU,1.5Fin,TA,TA
169000,6,7,2447,9638,1919,804.0,1.0,1969.0,2,4,SWISU,1.5Fin,Gd,TA
257500,7,6,2133,10452,1941,1528.0,1.0,1941.0,1,4,Crawfor,1.5Fin,TA,Gd
215000,5,6,2177,15600,1950,1032.0,2.0,1950.0,2,5,Crawfor,2Story,TA,TA
266500,7,9,2340,9042,1941,1152.0,1.0,1941.0,2,4,Crawfor,2Story,Gd,Ex
335000,7,8,1902,17500,1959,1902.0,2.0,1959.0,2,3,Crawfor,1Story,Ex,Gd
203135,7,6,1652,19645,1994,423.0,2.0,1994.0,2,3,Crawfor,SLvl,Gd,TA
185000,8,6,1034,3907,1989,982.0,2.0,1989.0,1,1,Blueste,1Story,Gd,Gd
162500,8,5,1191,3907,1989,1191.0,2.0,1989.0,2,2,Blueste,1Story,Gd,Gd
289000,7,8,1801,15602,1959,1501.0,2.0,1959.0,2,1,Crawfor,1Story,TA,TA
125500,4,8,1154,5436,1922,796.0,1.0,1922.0,1,3,IDOTRR,1.5Fin,Gd,TA
82000,2,5,540,8154,1941,480.0,1.0,1951.0,1,1,IDOTRR,1Story,TA,TA
110000,6,5,1107,9140,1921,629.0,1.0,1950.0,1,2,IDOTRR,1.5Fin,TA,TA
68400,4,4,1128,7500,1920,698.0,2.0,1980.0,1,2,IDOTRR,1.5Fin,TA,TA
102776,4,7,1178,8712,1900,859.0,1.0,1964.0,1,2,IDOTRR,1.5Fin,TA,TA
55993,5,5,1044,8712,1952,540.0,2.0,1952.0,1,2,IDOTRR,1Story,Fa,Fa
50138,4,7,952,8712,1896,756.0,1.0,1896.0,1,3,IDOTRR,1Story,TA,Fa
246000,8,5,1646,3811,2004,1594.0,2.0,2004.0,2,2,Crawfor,1Story,Gd,Gd
254900,8,5,1916,11050,1998,1049.0,3.0,1998.0,2,3,Mitchel,2Story,Gd,Gd
190000,6,7,1285,9620,1977,1243.0,2.0,1977.0,2,3,Mitchel,SLvl,Gd,TA
201000,7,5,1560,9196,2003,1560.0,2.0,2003.0,2,3,Mitchel,1Story,Gd,Gd
169900,6,5,1034,12328,1976,1012.0,3.0,1976.0,1,3,Mitchel,SLvl,TA,TA
170000,6,5,2048,12760,1976,1958.0,2.0,1976.0,3,5,Mitchel,1Story,TA,TA
160000,5,5,1687,57200,1948,747.0,2.0,1966.0,1,3,Timber,1Story,TA,TA
220000,7,5,1346,11896,2008,1336.0,3.0,2008.0,2,3,Timber,1Story,Gd,Gd
179781,7,5,1214,9803,2009,1214.0,2.0,2010.0,2,2,Timber,1Story,Gd,Gd
174000,5,5,1444,9802,2006,384.0,2.0,2007.0,2,3,Timber,2Story,TA,TA
269500,8,5,1968,12003,2009,774.0,3.0,2009.0,2,4,Timber,2Story,Ex,Gd
214900,7,5,1894,11316,2002,817.0,2.0,2002.0,2,4,Timber,2Story,Gd,Gd
202900,8,5,1908,14191,2002,967.0,2.0,2002.0,2,4,Timber,2Story,Gd,Gd
378500,9,5,2018,13214,2008,2002.0,3.0,2009.0,2,3,Timber,1Story,Ex,Ex
169000,5,5,1264,15300,1965,1068.0,2.0,1965.0,1,2,Mitchel,1Story,TA,TA
173500,5,5,1430,10114,2004,1430.0,2.0,2004.0,2,3,Mitchel,1Story,Gd,TA
139000,6,5,1824,9400,1971,912.0,0.0,,2,4,Mitchel,2Story,TA,TA
166500,5,5,1344,11875,1999,1344.0,2.0,2001.0,2,3,Mitchel,1Story,TA,TA
83500,4,5,1092,1974,1973,546.0,1.0,1973.0,1,3,MeadowV,2Story,TA,TA
119500,5,6,945,2394,1973,945.0,1.0,1973.0,1,2,MeadowV,1Story,TA,TA
85000,5,3,1112,2592,1976,536.0,1.0,1976.0,1,3,MeadowV,2Story,TA,TA
76000,4,7,1092,1476,1970,546.0,0.0,,1,3,MeadowV,2Story,TA,TA
75500,4,6,630,1491,1972,630.0,0.0,,1,1,MeadowV,SFoyer,TA,TA
88250,4,4,1092,1900,1970,546.0,0.0,,1,3,MeadowV,2Story,TA,TA
85500,4,6,1092,1890,1972,546.0,1.0,1972.0,1,3,MeadowV,2Story,TA,TA
130000,5,7,874,6953,1971,864.0,1.0,1971.0,1,3,Mitchel,1Story,TA,TA
157900,5,7,1188,26142,1962,1188.0,1.0,1962.0,1,3,Mitchel,1Story,TA,TA
149900,5,7,833,12887,1984,833.0,2.0,1984.0,1,2,Mitchel,1Story,Gd,TA
159000,5,2,2432,7700,1985,1216.0,2.0,1985.0,4,4,Mitchel,2Story,TA,TA
136000,5,5,1274,10475,1991,624.0,2.0,1993.0,1,3,Mitchel,2Story,TA,TA
161000,5,5,1479,10544,1969,864.0,1.0,1969.0,2,5,Mitchel,1.5Fin,TA,TA
285000,8,5,1803,9892,1994,1679.0,2.0,1994.0,2,3,Mitchel,1Story,Gd,Gd
231000,6,5,1797,12961,1993,1152.0,2.0,1993.0,2,3,Mitchel,2Story,Gd,Gd
124500,6,5,882,13008,1956,882.0,1.0,1956.0,1,2,NAmes,1Story,TA,TA
157000,6,5,1434,10200,1974,1434.0,2.0,1974.0,2,4,NAmes,1Story,TA,TA
345000,8,7,2704,13860,1972,1952.0,2.0,1972.0,2,4,NAmes,SLvl,Ex,Gd
189500,6,5,1608,10179,1997,945.0,2.0,1997.0,2,3,Gilbert,2Story,TA,TA
270000,8,5,2283,11792,2003,1008.0,3.0,2003.0,2,4,Gilbert,2Story,Gd,Gd
189000,7,5,1628,8400,1996,384.0,2.0,1996.0,2,3,Gilbert,SLvl,TA,TA
377500,9,5,1746,14892,2006,1746.0,3.0,2006.0,2,3,Gilbert,1Story,Ex,Ex
168500,7,5,1474,8530,1995,384.0,2.0,1995.0,2,3,Gilbert,SLvl,TA,TA
375000,8,5,2522,7296,2004,2208.0,2.0,2004.0,2,1,StoneBr,1Story,Gd,Gd
278000,8,5,1659,5664,2000,1501.0,2.0,2000.0,2,2,StoneBr,1Story,Ex,Gd
240000,8,5,1478,7380,1998,1418.0,2.0,1998.0,2,2,StoneBr,1Story,TA,TA
239500,8,5,1734,8013,1995,1587.0,2.0,1995.0,2,2,StoneBr,1Story,Gd,Gd
177500,7,5,1382,8923,1998,384.0,2.0,1998.0,2,3,Gilbert,SLvl,TA,Gd
185000,7,5,1718,10141,1998,832.0,2.0,1998.0,2,3,Gilbert,2Story,TA,TA
191000,6,5,1636,7500,1998,952.0,2.0,1998.0,2,3,Gilbert,2Story,TA,Gd
178000,6,7,1571,7837,1993,799.0,2.0,1993.0,2,3,Gilbert,2Story,TA,Gd
185000,6,8,1470,9765,1993,680.0,2.0,1993.0,2,3,Gilbert,2Story,TA,Ex
181316,6,5,1516,8803,1994,707.0,2.0,1994.0,2,3,Gilbert,2Story,Gd,TA
166000,6,5,1190,7250,1993,1181.0,2.0,1993.0,2,3,Gilbert,1Story,Gd,TA
178000,6,5,1593,9636,1992,808.0,2.0,1993.0,2,3,Gilbert,2Story,TA,TA
174000,6,5,1481,8125,1994,702.0,2.0,1994.0,2,3,Gilbert,2Story,TA,TA
173000,6,6,1167,9248,1992,1158.0,2.0,1992.0,2,3,Gilbert,1Story,Gd,TA
225000,7,5,1983,10762,1999,978.0,2.0,1999.0,2,3,Gilbert,2Story,Gd,Gd
180500,7,5,1442,11851,1990,1424.0,2.0,1990.0,2,3,Gilbert,1Story,TA,TA
187500,8,5,1360,5814,1984,1220.0,2.0,1984.0,1,1,StoneBr,1Story,Gd,Gd
501837,9,5,2234,17423,2008,2216.0,3.0,2009.0,2,1,StoneBr,1Story,Ex,Ex
372500,8,5,2046,11844,2008,2046.0,3.0,2008.0,2,3,StoneBr,1Story,Gd,Gd
260000,7,5,1530,16158,2005,1530.0,2.0,2005.0,2,3,StoneBr,1Story,Gd,Gd
185000,5,6,1934,11900,1977,1122.0,2.0,1977.0,2,3,Gilbert,2Story,TA,TA
260000,7,7,2353,13005,1980,845.0,2.0,1983.0,2,4,NWAmes,2Story,Ex,Gd
181000,6,5,1586,17043,1979,1362.0,2.0,1979.0,2,3,NWAmes,1Story,TA,TA
82500,7,5,1411,11900,1977,1386.0,2.0,1977.0,2,3,NWAmes,1Story,TA,TA
215000,6,7,1602,16635,1977,1602.0,2.0,1977.0,2,3,NWAmes,1Story,Gd,Gd
154000,7,6,2050,13250,1978,832.0,2.0,1978.0,2,4,NWAmes,2Story,Gd,TA
200000,6,6,1671,10928,1978,1427.0,2.0,1978.0,2,3,NWAmes,1Story,TA,TA
249000,7,7,2673,12388,1980,1043.0,2.0,1980.0,2,4,NWAmes,2Story,Gd,TA
187500,7,5,1472,14115,1980,1372.0,2.0,1980.0,2,3,NWAmes,SLvl,TA,TA
184000,6,5,1707,11088,1978,1140.0,2.0,1978.0,2,3,NWAmes,1Story,TA,TA
278000,8,5,2524,9600,1981,2524.0,2.0,1981.0,2,4,NWAmes,1Story,Gd,Gd
157000,7,5,1601,11880,1978,1271.0,2.0,1978.0,2,3,NWAmes,1Story,TA,TA
152000,7,5,1370,10400,1976,1090.0,2.0,1976.0,2,3,NWAmes,1Story,TA,TA
197500,5,7,1868,10304,1976,780.0,2.0,1976.0,2,4,NWAmes,2Story,Gd,TA
240900,7,5,1884,7000,2003,926.0,2.0,2003.0,2,3,Somerst,2Story,Ex,Gd
263435,8,5,1935,8004,2009,832.0,2.0,2009.0,2,3,Somerst,2Story,TA,Gd
220000,8,5,1874,7500,2000,1058.0,2.0,2000.0,2,3,Somerst,2Story,Gd,Gd
235000,8,5,1811,8470,2002,972.0,2.0,2002.0,2,3,Somerst,2Story,Gd,Gd
213000,5,7,1621,9373,1975,1621.0,2.0,1975.0,2,3,NWAmes,1Story,TA,TA
167900,6,6,1116,10140,1974,1116.0,2.0,1974.0,2,3,NWAmes,1Story,TA,TA
158000,7,5,1193,11050,1975,1176.0,2.0,1975.0,2,3,NWAmes,1Story,TA,TA
165000,6,5,1350,10140,1974,1064.0,2.0,1974.0,2,3,NWAmes,1Story,TA,TA
158000,6,6,2119,10448,1972,689.0,2.0,1972.0,2,3,NWAmes,SLvl,TA,TA
136000,5,5,1792,9000,1974,896.0,0.0,,2,4,NAmes,2Story,TA,TA
148500,5,6,1002,8750,1970,1002.0,2.0,1973.0,1,3,NAmes,1Story,TA,TA
156000,6,8,1026,7930,1969,1026.0,2.0,1969.0,1,3,NAmes,1Story,Gd,TA
128000,5,5,1180,7830,1970,1180.0,2.0,1970.0,1,2,NAmes,1Story,TA,TA
143000,5,7,1050,8510,1971,1043.0,1.0,1971.0,1,3,NAmes,1Story,TA,TA
76500,4,6,864,7038,1970,864.0,2.0,2001.0,1,3,NAmes,1Story,TA,TA
120500,4,6,864,6960,1970,864.0,2.0,1989.0,1,3,NAmes,1Story,Gd,TA
124500,4,7,864,8120,1970,864.0,2.0,1994.0,1,3,NAmes,1Story,TA,TA
97000,4,6,864,10500,1971,864.0,2.0,1989.0,1,2,NAmes,1Story,TA,TA
130000,4,7,864,9000,1971,864.0,2.0,1986.0,1,3,NAmes,1Story,TA,TA
111000,6,5,987,1680,1973,483.0,1.0,1973.0,1,2,BrDale,2Story,TA,TA
125000,5,6,1365,2368,1970,765.0,2.0,1970.0,1,3,BrDale,2Story,TA,TA
112000,5,5,1302,1680,1971,630.0,1.0,1991.0,2,3,BrDale,2Story,TA,TA
97000,6,6,987,1680,1972,483.0,1.0,1972.0,1,2,BrDale,2Story,TA,TA
118000,6,8,987,1680,1972,483.0,1.0,1972.0,1,2,BrDale,2Story,Gd,TA
119500,5,7,1302,1680,1972,630.0,1.0,1972.0,2,3,BrDale,2Story,TA,TA
143750,6,6,958,4928,1976,958.0,2.0,1976.0,2,2,NPkVill,1Story,TA,TA
146000,6,5,1548,2308,1976,804.0,2.0,1976.0,2,3,NPkVill,2Story,TA,TA
148500,6,6,1456,2280,1976,855.0,2.0,1976.0,2,3,NPkVill,2Story,TA,TA
123000,7,5,1055,2280,1975,1057.0,2.0,1975.0,2,2,NPkVill,1Story,TA,TA
147000,6,5,1322,2308,1974,855.0,2.0,1974.0,2,3,NPkVill,2Story,TA,TA
137900,6,5,1456,2349,1977,855.0,2.0,1977.0,2,3,NPkVill,2Story,TA,TA
147000,6,5,1548,2364,1978,804.0,2.0,1978.0,2,3,NPkVill,2Story,TA,TA
148500,6,6,1441,2289,1978,855.0,2.0,1978.0,2,3,NPkVill,2Story,TA,TA
138000,6,5,1456,2364,1978,855.0,2.0,1978.0,2,3,NPkVill,2Story,TA,Gd
128500,7,6,836,2104,1976,836.0,1.0,1976.0,1,2,NPkVill,1Story,TA,TA
100000,5,5,892,7150,1967,892.0,1.0,1967.0,1,3,NAmes,1Story,TA,TA
148800,5,7,1120,10710,1966,864.0,2.0,1966.0,1,3,NAmes,1Story,TA,Gd
337500,10,5,1718,12456,2006,1700.0,3.0,2008.0,2,3,NridgHt,1Story,Ex,Ex
462000,9,5,2772,14257,2007,1776.0,3.0,2007.0,3,4,NridgHt,2Story,Ex,Ex
485000,9,5,3140,13518,2008,1926.0,3.0,2009.0,3,4,NridgHt,2Story,Ex,Ex
555000,10,5,2402,15431,2008,3094.0,3.0,2008.0,2,2,NridgHt,1Story,Ex,Ex
325000,9,5,1652,13173,2006,1652.0,2.0,2006.0,2,2,NridgHt,1Story,Ex,Gd
256300,8,5,1600,14230,2007,1566.0,3.0,2007.0,2,3,NridgHt,1Story,Gd,Gd
253293,8,5,2042,12704,2008,2042.0,3.0,2009.0,2,3,NridgHt,1Story,Ex,Ex
398800,9,5,2690,12350,2009,1365.0,3.0,2009.0,2,3,NridgHt,2Story,Ex,Gd
335000,9,5,2184,11308,2008,1104.0,3.0,2008.0,2,3,NridgHt,2Story,Ex,Ex
404000,9,5,2020,12350,2008,2020.0,3.0,2008.0,2,3,NridgHt,1Story,Ex,Ex
402861,10,5,2020,12220,2009,2006.0,3.0,2009.0,2,3,NridgHt,1Story,Ex,Ex
451950,10,5,2296,13478,2008,1722.0,3.0,2008.0,2,3,NridgHt,2Story,Ex,Ex
610000,10,5,2674,13693,2007,2630.0,3.0,2007.0,2,2,NridgHt,1Story,Ex,Ex
582933,9,5,2822,13891,2008,1734.0,3.0,2009.0,3,4,NridgHt,2Story,Ex,Ex
360000,9,5,1736,11578,2008,1736.0,3.0,2008.0,2,3,NridgHt,1Story,Ex,Ex
296000,8,5,1782,16870,2004,1782.0,3.0,2004.0,2,3,NridgHt,1Story,Gd,Gd
409900,8,5,2520,23303,2007,1508.0,3.0,2007.0,2,5,NridgHt,2Story,Ex,Gd
255500,8,5,1717,11146,2006,1709.0,3.0,2006.0,2,3,NridgHt,1Story,Gd,Gd
335000,9,5,1743,10367,2008,1739.0,3.0,2008.0,2,3,NridgHt,1Story,Ex,Ex
274900,8,5,1713,9591,2004,1713.0,3.0,2004.0,2,3,NridgHt,1Story,Ex,Gd
300000,9,5,1531,10872,2006,1504.0,3.0,2006.0,2,2,NridgHt,1Story,Ex,Gd
324000,9,5,1808,13514,2008,1774.0,3.0,2008.0,2,3,NridgHt,1Story,Ex,Ex
350000,9,5,2224,8834,2004,1462.0,3.0,2004.0,2,4,NridgHt,2Story,Ex,Gd
280000,8,5,1836,11362,2004,1836.0,3.0,2004.0,2,3,NridgHt,1Story,Gd,Gd
284000,8,5,1629,10655,2003,3206.0,3.0,2003.0,2,3,NridgHt,1Story,Gd,Gd
269500,7,5,1760,12878,2003,1760.0,2.0,2003.0,2,3,NridgHt,1Story,Gd,Gd
233170,7,5,1502,9541,2009,1502.0,2.0,2009.0,2,3,NridgHt,1Story,Gd,Gd
386250,10,5,2392,13472,2003,2392.0,3.0,2003.0,2,3,NridgHt,1Story,Ex,Ex
445000,9,5,2452,15274,2003,2452.0,3.0,2003.0,2,3,NridgHt,1Story,Ex,Gd
290000,8,5,2400,13262,2003,1082.0,3.0,2003.0,3,4,NridgHt,2Story,Gd,Gd
255900,8,5,1606,9658,2006,1598.0,3.0,2006.0,2,3,NridgHt,1Story,Gd,Gd
213000,6,5,1358,6904,2005,1358.0,2.0,2005.0,2,2,NridgHt,1Story,Gd,Gd
196000,6,5,1306,5381,2005,1306.0,2.0,2005.0,2,1,NridgHt,1Story,Gd,Gd
184500,6,5,1306,5122,2005,1306.0,2.0,2005.0,2,1,NridgHt,1Story,Gd,Gd
212500,7,5,1358,10307,2007,1350.0,2.0,2008.0,2,2,NridgHt,1Story,Gd,Gd
230000,7,5,1314,5001,2007,1314.0,2.0,2008.0,2,2,NridgHt,1Story,Gd,Gd
552000,10,5,2492,14836,2004,2492.0,3.0,2004.0,2,2,NridgHt,1Story,Ex,Ex
382500,8,5,2200,15262,2003,2200.0,3.0,2003.0,2,3,NridgHt,1Story,Ex,Gd
320000,9,5,1884,7390,2008,1884.0,2.0,2008.0,2,2,NridgHt,1Story,Ex,Ex
248500,9,5,1456,6472,2008,1451.0,2.0,2008.0,2,2,NridgHt,1Story,Ex,Ex
286500,8,5,1712,16770,2002,1712.0,3.0,2002.0,2,3,NridgHt,1Story,Gd,Gd
254000,8,5,1324,6240,2006,1324.0,2.0,2006.0,2,2,NridgHt,1Story,Gd,Gd
173000,7,5,1405,3480,2003,1405.0,2.0,2003.0,2,2,NridgHt,1Story,Gd,Gd
173000,7,5,1626,2268,2003,764.0,2.0,2003.0,2,2,NridgHt,2Story,Gd,Gd
184000,7,5,1456,10928,2005,728.0,2.0,2005.0,2,3,Gilbert,2Story,Gd,Gd
167800,6,5,1490,8918,2005,745.0,2.0,2005.0,2,3,Gilbert,2Story,Gd,Gd
174000,6,5,1484,12589,2005,742.0,2.0,2005.0,2,3,Gilbert,2Story,Gd,Gd
174000,6,5,1560,11911,2005,684.0,2.0,2005.0,2,3,Gilbert,2Story,Gd,Gd
174000,7,5,1555,3684,2007,1373.0,3.0,2007.0,2,2,Blmngtn,1Story,Gd,Gd
175900,7,5,1569,3635,2007,1386.0,3.0,2007.0,2,1,Blmngtn,1Story,Gd,Gd
192500,7,5,1555,3182,2005,1373.0,2.0,2005.0,2,2,Blmngtn,1Story,Gd,Gd
181000,7,5,1504,3182,2005,1346.0,2.0,2005.0,2,1,Blmngtn,1Story,Gd,Gd
180000,7,5,1220,3182,2005,1220.0,2.0,2005.0,2,2,Blmngtn,1Story,Gd,Gd
160200,7,5,1145,3182,2005,1145.0,2.0,2005.0,2,2,Blmngtn,1Story,Gd,Gd
188500,7,5,1432,7795,2004,716.0,2.0,2004.0,2,3,Gilbert,2Story,Gd,Gd
200000,6,5,2267,8068,2002,1010.0,2.0,2002.0,2,4,Gilbert,2Story,Gd,Gd
170000,7,5,1374,9434,2004,384.0,2.0,2004.0,2,3,Gilbert,SLvl,Gd,Gd
189500,7,5,1630,7984,2004,868.0,2.0,2004.0,2,3,Gilbert,2Story,Gd,Gd
184100,8,5,1419,7750,2002,408.0,2.0,2002.0,2,3,Gilbert,SLvl,Gd,Gd
195500,7,5,1594,10125,2004,846.0,2.0,2004.0,2,3,Gilbert,2Story,Gd,Gd
192000,7,5,1489,8965,2003,782.0,2.0,2003.0,2,3,Gilbert,2Story,Gd,Gd
178000,7,5,1342,8174,2003,698.0,2.0,2003.0,2,3,Gilbert,2Story,Gd,Gd
207500,7,5,1314,5063,2007,1314.0,2.0,2008.0,2,2,NridgHt,1Story,Gd,Gd
236000,7,5,2256,8795,2000,952.0,2.0,2000.0,2,4,Gilbert,2Story,Gd,Gd
257500,8,5,2004,12891,2002,870.0,3.0,2002.0,2,4,Gilbert,2Story,Gd,Gd
244000,6,5,2054,12224,2000,992.0,2.0,2000.0,2,3,Gilbert,2Story,Gd,Gd
167000,7,5,1374,9734,2004,384.0,2.0,2004.0,2,3,Gilbert,SLvl,Gd,Gd
179000,6,5,1800,8123,2000,982.0,2.0,2000.0,2,3,Gilbert,2Story,TA,TA
190000,6,5,1514,8433,2000,794.0,2.0,2000.0,2,3,Gilbert,2Story,TA,TA
156000,7,5,1430,7750,1999,384.0,2.0,1999.0,2,3,Gilbert,SLvl,TA,TA
245000,7,5,2312,15896,1999,1177.0,3.0,1999.0,2,4,Gilbert,2Story,Gd,Gd
181000,6,5,1675,24682,1999,841.0,2.0,1999.0,2,3,Gilbert,2Story,TA,TA
214000,7,5,2060,8755,1999,992.0,2.0,1999.0,2,3,Gilbert,2Story,Gd,Gd
168000,7,6,1430,7848,1999,384.0,2.0,1999.0,2,3,Gilbert,SLvl,TA,TA
337000,8,5,2365,9430,1999,1252.0,3.0,1999.0,2,3,NoRidge,2Story,Gd,Gd
403000,8,5,2794,15138,1995,1462.0,3.0,1995.0,2,4,NoRidge,2Story,Ex,Gd
327000,8,5,2687,12720,2000,1455.0,3.0,2000.0,2,4,NoRidge,2Story,Gd,Gd
340000,8,5,2450,16545,1998,1284.0,3.0,1998.0,2,3,NoRidge,2Story,Gd,Gd
336000,8,5,2612,12203,1998,1225.0,3.0,1998.0,2,4,NoRidge,2Story,Gd,Gd
265000,7,5,2344,10208,1996,1264.0,3.0,1996.0,2,3,NoRidge,2Story,Gd,Gd
315000,8,5,2063,10750,1994,2024.0,3.0,1994.0,2,3,NoRidge,1Story,Gd,Gd
260000,7,5,2646,9900,1993,1347.0,3.0,1993.0,2,4,NoRidge,2Story,Gd,Gd
260000,7,5,2061,9085,1995,1070.0,2.0,1995.0,2,3,NoRidge,2Story,Gd,Gd
263550,8,5,2232,11692,1993,1173.0,2.0,1993.0,2,3,NoRidge,2Story,Gd,Gd
402000,8,7,2448,46589,1994,1629.0,3.0,1994.0,2,4,NoRidge,2Story,Gd,Gd
248000,7,6,1850,29959,1994,973.0,2.0,1994.0,2,3,NoRidge,2Story,Gd,Gd
244600,8,5,1468,9612,2008,1468.0,3.0,2008.0,2,3,Somerst,1Story,Gd,Gd
275000,8,5,1696,11194,2008,1696.0,3.0,2008.0,2,3,Somerst,1Story,Gd,Gd
257500,8,5,1658,10206,2008,1614.0,3.0,2008.0,2,3,Somerst,1Story,Gd,Gd
287090,8,5,1578,9262,2008,1573.0,3.0,2008.0,2,3,Somerst,1Story,Ex,Gd
275500,8,5,1702,10130,2007,1702.0,3.0,2007.0,2,3,Somerst,1Story,Gd,Gd
245000,8,5,1432,9139,2006,1422.0,2.0,2006.0,2,3,Somerst,1Story,Gd,Gd
253000,7,5,1971,9675,2005,1113.0,2.0,2005.0,2,3,Somerst,2Story,Gd,Gd
468000,9,5,2490,11128,2005,2458.0,3.0,2005.0,2,2,Somerst,1Story,Ex,Ex
252678,7,5,1852,8640,2009,900.0,2.0,2009.0,2,3,Somerst,2Story,Gd,TA
210000,8,5,1590,9000,2008,768.0,2.0,2008.0,2,3,Somerst,2Story,Gd,Gd
208300,6,5,1218,7862,2009,1218.0,2.0,2009.0,2,2,Somerst,1Story,Gd,Gd
225000,7,5,1436,7993,2008,1436.0,2.0,2008.0,2,3,Somerst,1Story,Gd,Gd
229456,8,5,1314,8640,2009,1300.0,2.0,2009.0,2,3,Somerst,1Story,Gd,Gd
229800,7,5,1402,8640,2008,1402.0,2.0,2008.0,2,3,Somerst,1Story,Gd,Gd
250000,9,5,1530,12606,2007,1530.0,3.0,2008.0,2,3,Somerst,1Story,Gd,Gd
370878,9,5,1766,9187,2009,1766.0,3.0,2009.0,2,2,Somerst,1Story,Ex,Ex
238500,8,5,1448,7500,2006,1372.0,2.0,2006.0,2,2,Somerst,1Story,Gd,Gd
310000,10,5,2007,11003,2008,1017.0,3.0,2008.0,2,3,Somerst,2Story,Ex,Ex
270000,8,5,1795,10603,2006,900.0,3.0,2006.0,2,3,Somerst,2Story,Gd,Gd
252000,8,5,1953,10574,2005,1082.0,3.0,2005.0,2,3,Somerst,2Story,Gd,Gd
241000,7,5,1550,8125,2006,1092.0,2.0,2007.0,2,2,Somerst,2Story,Gd,Gd
264500,8,5,1836,8125,2008,1836.0,2.0,2009.0,2,3,Somerst,1Story,Gd,Gd
291000,7,5,1662,10625,2006,1652.0,3.0,2006.0,2,3,Somerst,1Story,Ex,Gd
263000,7,5,2094,9375,2003,912.0,2.0,2003.0,2,4,Somerst,2Story,Gd,Gd
185000,7,5,1221,7500,2004,1221.0,2.0,2004.0,2,2,Somerst,1Story,Gd,Gd
234500,7,5,1553,8736,2003,1553.0,2.0,2003.0,2,3,Somerst,1Story,Gd,Gd
209000,7,5,1653,8127,2003,812.0,2.0,2003.0,2,3,Somerst,2Story,Gd,Gd
159000,7,6,1218,9605,2007,1218.0,2.0,2007.0,1,3,SawyerW,1Story,Gd,Gd
152000,7,5,1141,7500,2006,1141.0,2.0,2006.0,1,3,SawyerW,1Story,Gd,Gd
143500,6,5,1158,7500,2004,1158.0,0.0,,1,3,SawyerW,1Story,Gd,TA
193000,7,5,1812,10628,2004,835.0,2.0,2004.0,2,3,SawyerW,2Story,Gd,Gd
203000,8,5,1512,10141,2004,1512.0,3.0,2004.0,2,3,SawyerW,1Story,Gd,Gd
184900,7,5,1200,10083,2003,1176.0,2.0,2003.0,2,2,SawyerW,1Story,Gd,Gd
159000,7,5,1114,13072,2004,1114.0,2.0,2005.0,1,3,SawyerW,1Story,Gd,Gd
142000,5,5,1114,13072,2004,1114.0,0.0,,1,3,SawyerW,1Story,Gd,TA
153000,5,5,1114,12450,2003,1114.0,2.0,2004.0,2,3,SawyerW,1Story,Gd,TA
224243,7,5,1450,7328,2008,1450.0,3.0,2008.0,2,2,SawyerW,1Story,Gd,Gd
220000,7,5,2122,11492,1996,913.0,2.0,1997.0,2,4,SawyerW,2Story,Gd,Gd
257000,8,5,1844,10994,2005,1844.0,2.0,2005.0,2,2,SawyerW,1Story,Gd,Gd
189000,7,5,1434,8529,2001,1454.0,2.0,2001.0,2,3,SawyerW,1Story,Gd,Gd
171500,6,6,1730,7703,1992,816.0,2.0,1992.0,2,3,SawyerW,2Story,Gd,Gd
120000,6,6,1217,10762,1980,626.0,1.0,1980.0,1,3,SawyerW,2Story,TA,TA
145000,6,5,1332,7175,1990,1332.0,2.0,1990.0,2,2,SawyerW,1Story,Gd,Gd
184000,7,5,1540,9109,1994,754.0,2.0,1994.0,2,3,SawyerW,2Story,Gd,Gd
162000,6,7,1400,10274,1986,676.0,2.0,1986.0,2,3,SawyerW,2Story,TA,TA
160000,6,7,1882,8250,1981,0.0,2.0,1981.0,2,4,SawyerW,2Story,TA,TA
82000,4,4,841,8400,1950,721.0,1.0,1950.0,1,2,SawyerW,1Story,TA,Fa
76000,6,3,784,9000,1928,784.0,2.0,1950.0,1,2,SawyerW,1.5Unf,TA,TA
110000,5,5,980,9750,1962,980.0,2.0,1969.0,1,3,Sawyer,1Story,TA,TA
135000,5,6,980,7064,1977,980.0,2.0,1986.0,1,3,Sawyer,1Story,TA,TA
141000,5,6,864,8499,1961,864.0,2.0,1982.0,1,3,Sawyer,1Story,TA,TA
122000,5,5,864,9079,1961,864.0,1.0,1961.0,1,2,Sawyer,1Story,TA,TA
124100,5,5,1020,9316,1965,1024.0,1.0,1965.0,2,3,Sawyer,1Story,TA,TA
129000,5,8,912,7791,1963,912.0,1.0,1963.0,1,3,Sawyer,1Story,Gd,Gd
131400,5,6,1144,10000,1961,864.0,1.0,1961.0,1,3,Sawyer,1Story,TA,TA
62383,5,5,864,8281,1965,864.0,1.0,1965.0,1,3,Sawyer,1Story,TA,TA
123000,5,6,912,7150,1962,912.0,1.0,1962.0,1,3,Sawyer,1Story,TA,TA
275000,8,8,2014,15676,1980,2014.0,3.0,1980.0,2,2,Veenker,1Story,Gd,Gd
235000,7,8,1755,11949,1991,975.0,2.0,1991.0,2,3,NoRidge,2Story,Gd,Gd
280750,7,5,3005,2880,2004,1376.0,3.0,2004.0,2,3,Somerst,2Story,Gd,Gd
164500,6,5,1224,3951,2009,612.0,2.0,2009.0,2,2,Somerst,2Story,Gd,Gd
173733,6,5,1224,3000,2009,612.0,2.0,2009.0,2,2,Somerst,2Story,Gd,Gd
222000,6,5,1726,3830,2008,1726.0,2.0,2008.0,2,2,Somerst,1Story,Gd,Gd
195000,6,5,1256,4217,2008,1145.0,2.0,2008.0,1,1,Somerst,1Story,Gd,Gd
172500,6,5,1471,3230,1999,729.0,2.0,1999.0,2,3,Somerst,2Story,TA,TA
180000,6,5,1512,2998,2000,756.0,2.0,2000.0,2,2,Somerst,2Story,Gd,Gd
156000,7,5,1452,3768,1999,691.0,2.0,1999.0,2,3,Somerst,2Story,Gd,Gd
172500,8,5,1739,2645,1999,970.0,2.0,1999.0,2,3,Somerst,2Story,Gd,Gd
318750,8,9,1694,14694,1977,1694.0,2.0,1977.0,2,2,Veenker,1Story,Ex,Ex
211500,8,5,1226,3782,1981,1226.0,2.0,1981.0,1,1,Greens,1Story,Gd,Gd
241600,7,5,1740,15417,1981,1740.0,2.0,1981.0,1,2,Veenker,1Story,Gd,Gd
180500,8,5,2499,9600,1976,392.0,2.0,1976.0,2,4,Veenker,SLvl,TA,Gd
150000,4,4,1620,9991,1976,1281.0,2.0,1993.0,2,3,Sawyer,1Story,TA,TA
154000,6,6,1556,11700,1968,727.0,2.0,1968.0,1,4,NWAmes,2Story,TA,TA
185000,6,6,1442,11717,1970,1442.0,2.0,1970.0,2,2,NWAmes,1Story,TA,TA
185750,6,7,1489,9156,1968,1489.0,2.0,1968.0,2,3,NWAmes,1Story,Gd,TA
200000,7,6,2090,10382,1973,1107.0,2.0,1973.0,2,3,NWAmes,2Story,TA,TA
206000,7,6,2067,12732,1974,752.0,2.0,1974.0,2,3,NWAmes,2Story,Gd,TA
162000,6,6,1395,12936,1972,723.0,2.0,1972.0,1,3,NWAmes,2Story,TA,TA
256900,6,7,2640,10400,1967,932.0,2.0,1967.0,2,5,NWAmes,2Story,Gd,TA
197900,6,5,1724,17871,1967,1680.0,2.0,1967.0,1,3,NWAmes,SLvl,TA,TA
163000,5,5,1336,9600,1969,1288.0,2.0,1969.0,2,3,NWAmes,1Story,TA,TA
113000,6,5,1216,9000,1969,1216.0,1.0,1969.0,1,3,NWAmes,1Story,TA,TA
230000,7,7,2288,13774,1977,908.0,2.0,1977.0,1,4,NWAmes,2Story,Gd,TA
167900,6,5,1334,9650,1977,1350.0,2.0,1977.0,2,2,NWAmes,1Story,TA,TA
213250,7,5,1680,10140,1998,1650.0,2.0,1998.0,2,3,NWAmes,1Story,Gd,Gd
227000,8,6,1665,8400,2001,810.0,2.0,2001.0,2,3,NWAmes,2Story,Gd,Gd
130000,5,6,864,7130,1967,864.0,1.0,1967.0,1,2,NAmes,1Story,TA,TA
143000,5,5,1568,9600,1967,1568.0,2.0,1967.0,1,3,NAmes,1Story,TA,TA
117500,5,6,925,9100,1965,925.0,1.0,1965.0,1,2,NAmes,1Story,TA,TA
168500,7,5,2061,9600,1974,1165.0,2.0,1974.0,2,4,NWAmes,2Story,TA,TA
172500,6,5,1320,16500,1971,1232.0,2.0,1971.0,2,3,NWAmes,SFoyer,TA,TA
161500,6,5,1342,9790,1967,1372.0,2.0,1967.0,2,3,NWAmes,1Story,TA,TA
141500,4,7,894,7436,1960,894.0,2.0,1988.0,1,2,NAmes,1Story,TA,TA
118000,5,7,864,8125,1959,864.0,1.0,1960.0,1,3,NAmes,1Story,TA,TA
127500,6,6,864,9100,1959,864.0,1.0,2008.0,1,2,NAmes,1Story,TA,TA
140000,4,5,1362,9450,1957,1040.0,3.0,1982.0,1,3,NAmes,1Story,TA,TA
177625,5,6,1728,13495,1956,1048.0,2.0,1956.0,2,3,NAmes,1Story,TA,TA
110000,5,5,1776,11475,1958,1584.0,3.0,1968.0,2,4,NAmes,1Story,TA,TA
167000,6,6,1516,10004,1964,1516.0,2.0,1964.0,1,3,NAmes,1Story,TA,TA
153000,5,6,1313,9350,1961,1313.0,2.0,1961.0,1,3,NAmes,1Story,Gd,TA
145100,5,5,1292,10500,1964,1292.0,2.0,1964.0,1,3,NAmes,1Story,TA,TA
154000,5,6,1154,11000,1966,1154.0,2.0,1966.0,1,3,NAmes,1Story,TA,TA
177500,5,6,2140,8970,1965,744.0,2.0,1965.0,2,4,NAmes,2Story,TA,TA
158000,6,6,1445,12095,1964,1127.0,2.0,1964.0,1,3,NAmes,SLvl,TA,TA
124500,5,6,1041,9600,1959,1041.0,1.0,1959.0,1,3,NAmes,1Story,TA,TA
174500,6,6,1576,11475,1961,1208.0,2.0,1961.0,1,4,NAmes,SLvl,Gd,TA
122000,5,5,960,9768,1955,960.0,1.0,1955.0,1,2,NAmes,1Story,TA,TA
82500,4,7,708,5330,1940,420.0,0.0,,1,2,BrkSide,1Story,Fa,Fa
110000,5,4,1203,7015,1950,709.0,1.0,1950.0,1,3,BrkSide,1.5Fin,Gd,TA
149500,6,4,1505,12160,1953,1505.0,2.0,1953.0,1,2,NAmes,1Story,TA,TA
175000,6,5,1691,9900,1967,1680.0,2.0,1967.0,1,2,NAmes,1Story,TA,Gd
167000,6,5,1644,9600,1953,1416.0,2.0,1953.0,1,3,NAmes,1Story,TA,TA
128900,5,6,1050,9600,1956,1050.0,1.0,1956.0,1,2,NAmes,1Story,TA,TA
140000,6,8,1668,9600,1950,856.0,1.0,1950.0,1,3,NAmes,1.5Fin,TA,TA
147000,5,7,1113,9600,1950,1113.0,1.0,1950.0,1,3,NAmes,1Story,Gd,Gd
124000,5,5,1584,8944,1967,1584.0,3.0,1967.0,2,4,NAmes,1Story,TA,TA
187500,6,6,1453,10573,1961,1453.0,2.0,1961.0,2,3,NAmes,1Story,TA,TA
159000,6,5,1394,9500,1963,1394.0,2.0,1963.0,1,3,NAmes,1Story,TA,TA
256000,6,8,1567,14695,1966,1562.0,2.0,1966.0,2,2,NAmes,1Story,Gd,TA
205000,7,6,1986,13600,1965,768.0,2.0,1965.0,2,3,NAmes,2Story,TA,TA
193500,6,6,2142,13000,1968,896.0,1.0,1968.0,2,4,NAmes,2Story,Gd,TA
110000,6,3,1392,13560,1968,1392.0,2.0,1968.0,1,2,NAmes,1Story,TA,TA
104900,4,4,1738,12513,1920,715.0,1.0,1920.0,2,4,NAmes,1.5Fin,TA,TA
150000,5,7,1144,8760,1956,1169.0,1.0,1956.0,1,3,NAmes,1Story,TA,Gd
156500,6,3,1478,8400,1957,1478.0,2.0,1957.0,1,3,NAmes,1Story,TA,TA
176000,7,6,1329,12285,1960,1329.0,2.0,1960.0,1,3,NAmes,1Story,TA,TA
149500,6,8,988,9240,1959,988.0,1.0,1959.0,2,3,NAmes,1Story,Gd,Gd
139000,6,6,1632,9600,1958,1240.0,1.0,1958.0,2,3,NAmes,1Story,TA,TA
155000,6,7,1215,12400,1958,1215.0,1.0,1958.0,1,3,NAmes,1Story,TA,TA
120000,5,5,1202,8750,1956,1202.0,1.0,1956.0,1,3,NAmes,1Story,TA,TA
153000,5,5,1382,8750,1955,1382.0,1.0,1955.0,1,3,NAmes,1Story,Gd,TA
144000,4,5,1200,10400,1956,1200.0,1.0,1956.0,1,3,NAmes,1Story,TA,TA
176000,6,5,1382,19296,1962,1362.0,2.0,1991.0,1,3,NAmes,SLvl,TA,TA
153000,5,6,1297,8532,1954,1297.0,2.0,1954.0,1,3,NAmes,1Story,TA,TA
135000,5,4,1866,9482,1958,1866.0,2.0,1958.0,2,4,NAmes,1Story,TA,TA
131000,6,7,1062,8128,1954,1062.0,1.0,1954.0,1,3,NAmes,1Story,TA,TA
123000,5,6,1319,10634,1953,608.0,1.0,1953.0,1,3,NAmes,1Story,TA,TA
126000,5,5,1112,13070,1951,631.0,2.0,1951.0,1,2,NAmes,1Story,TA,TA
115000,4,5,1005,10434,1955,1005.0,2.0,1977.0,1,2,NAmes,1Story,Fa,TA
164900,5,7,1363,14559,1951,1008.0,1.0,1951.0,1,2,NAmes,1Story,TA,Gd
113000,5,6,793,8480,1945,793.0,1.0,1945.0,1,2,NAmes,1Story,Fa,TA
145500,5,8,1031,7626,1952,1031.0,1.0,1952.0,1,2,NAmes,1Story,Gd,Gd
102900,5,5,1210,9533,1953,0.0,1.0,1953.0,1,2,NAmes,1Story,TA,TA
95000,3,5,1699,10615,1900,978.0,2.0,1920.0,2,3,OldTown,2Story,TA,TA
152500,7,7,1527,11419,1948,699.0,2.0,1948.0,1,3,NAmes,2Story,TA,TA
129900,5,6,1200,9600,1950,1200.0,1.0,1950.0,1,3,NAmes,1Story,TA,TA
132000,6,6,972,8000,1948,972.0,1.0,1948.0,1,2,NAmes,1Story,TA,TA
99900,3,5,792,5470,1958,792.0,1.0,1958.0,1,2,OldTown,1Story,TA,TA
135000,5,7,1656,10410,1916,660.0,1.0,1916.0,2,3,OldTown,1.5Fin,TA,TA
149000,5,7,1352,10800,1939,676.0,2.0,1939.0,2,4,OldTown,2Story,Gd,TA
114000,4,8,1039,8146,1900,405.0,1.0,1940.0,1,2,OldTown,2Story,TA,Gd
109500,5,8,792,9022,1924,768.0,1.0,1924.0,1,2,OldTown,1Story,Gd,Gd
125000,5,7,1078,10230,1925,1054.0,1.0,1987.0,1,3,OldTown,1Story,Ex,TA
142900,4,5,2377,10410,1915,1313.0,2.0,1954.0,2,3,OldTown,1.5Fin,Gd,TA
156500,7,9,1690,7200,1910,560.0,2.0,2008.0,2,4,OldTown,2Story,Gd,Gd
59000,2,5,599,5400,1940,416.0,0.0,,1,2,OldTown,1Story,Gd,Fa
105000,4,6,1374,5400,1920,840.0,1.0,1967.0,1,2,OldTown,1.5Fin,TA,Fa
106000,5,7,846,10800,1920,720.0,2.0,1980.0,1,2,OldTown,1Story,Gd,TA
78500,3,5,725,10800,1890,630.0,1.0,1959.0,1,1,OldTown,1Story,TA,TA
190000,6,5,2544,9671,1969,1248.0,3.0,1969.0,2,6,NAmes,2Story,TA,TA
154000,6,7,1380,10143,1963,1380.0,1.0,1963.0,1,3,NAmes,1Story,TA,TA
163000,6,4,1040,11500,1967,1040.0,2.0,1967.0,1,3,NAmes,1Story,TA,Fa
200000,5,5,2634,11643,1969,1248.0,4.0,1969.0,2,6,NAmes,2Story,TA,TA
143500,6,9,951,8010,1958,951.0,2.0,1985.0,1,2,NAmes,1Story,Gd,Gd
135000,6,6,1105,10454,1957,1105.0,1.0,1957.0,1,3,NAmes,1Story,TA,TA
153000,5,7,1306,8712,1957,992.0,1.0,1968.0,1,2,NAmes,1Story,TA,TA
157500,6,5,1478,17600,1960,1478.0,2.0,1960.0,2,3,NAmes,1Story,TA,TA
113500,6,6,1142,9000,1958,160.0,1.0,1958.0,1,2,NAmes,1Story,TA,TA
133000,5,7,1268,12144,1949,832.0,1.0,1949.0,1,3,NAmes,1Story,TA,Gd
92900,3,4,1040,8544,1950,0.0,2.0,1987.0,2,2,NAmes,1Story,TA,TA
128500,6,5,1133,8064,1950,795.0,2.0,1989.0,1,3,NAmes,1.5Fin,TA,TA
90000,4,5,1040,7200,1949,0.0,2.0,1956.0,2,2,NAmes,1Story,TA,TA
138000,5,4,1904,7200,1950,1208.0,1.0,1950.0,1,3,NAmes,1.5Fin,TA,TA
128000,5,6,1041,7350,1958,1041.0,1.0,1958.0,1,3,NAmes,1Story,TA,TA
139000,5,6,1339,7560,1958,1029.0,1.0,1958.0,1,3,NAmes,1Story,TA,TA
118900,5,7,732,7200,1952,732.0,1.0,1952.0,1,2,NAmes,1Story,TA,TA
138000,5,5,1183,8000,1959,528.0,1.0,1959.0,1,3,NAmes,SLvl,TA,TA
132500,5,5,1148,7931,1959,1148.0,1.0,1959.0,1,3,NAmes,1Story,TA,TA
133500,4,7,1461,10800,1949,832.0,1.0,1949.0,2,4,NAmes,1.5Fin,TA,TA
135000,6,7,1495,8064,1948,864.0,2.0,1994.0,1,3,NAmes,1.5Fin,TA,TA
144750,6,5,1806,7570,1964,780.0,2.0,1964.0,1,4,NAmes,2Story,TA,TA
145000,5,7,941,8604,1978,941.0,2.0,1978.0,1,2,NAmes,SFoyer,Gd,TA
127000,6,6,1045,7936,1963,1045.0,1.0,1963.0,1,3,NAmes,1Story,TA,TA
109500,5,5,894,6600,1962,894.0,1.0,1962.0,1,2,NAmes,1Story,TA,TA
115000,6,8,1224,3950,1926,818.0,1.0,1926.0,1,3,OldTown,1.5Fin,TA,TA
110000,5,6,1230,10440,1910,440.0,2.0,1966.0,1,2,OldTown,2Story,TA,TA
128900,6,8,1378,4080,1935,901.0,1.0,1920.0,1,3,OldTown,1.5Fin,Gd,TA
103500,6,5,1944,10307,1910,972.0,2.0,1920.0,2,4,OldTown,2Story,TA,TA
66500,5,6,1131,5720,1941,676.0,1.0,1941.0,1,3,OldTown,1.5Fin,TA,TA
130000,5,8,1306,15660,1910,240.0,2.0,1959.0,1,3,OldTown,1.5Fin,Gd,TA
129000,5,8,1464,9900,1910,504.0,0.0,,2,3,OldTown,2Story,TA,Gd
150000,5,6,1558,6406,1939,690.0,2.0,1939.0,1,3,OldTown,2Story,TA,TA
107500,5,4,2372,6600,1892,994.0,1.0,1985.0,2,4,OldTown,2Story,TA,TA
94550,4,6,1701,7627,1920,600.0,0.0,,2,4,OldTown,2Story,Fa,Fa
124500,5,5,1960,7596,1952,960.0,2.0,1952.0,2,4,OldTown,2Story,TA,TA
135000,7,8,1389,3378,1946,651.0,1.0,1947.0,1,3,OldTown,2Story,TA,TA
103000,5,5,1447,10134,1910,801.0,0.0,,1,3,OldTown,1.5Fin,TA,TA
93000,4,4,936,6000,1953,936.0,2.0,1974.0,1,2,OldTown,1Story,TA,Fa
129500,5,7,1328,6000,1950,768.0,1.0,1950.0,1,3,OldTown,1.5Fin,TA,TA
93000,5,4,1387,6000,1954,811.0,1.0,1954.0,2,3,OldTown,1.5Fin,Gd,TA
80000,4,6,861,7404,1920,861.0,2.0,1920.0,1,2,OldTown,1Story,TA,TA
45000,2,4,612,5925,1940,0.0,1.0,1965.0,1,1,OldTown,1Story,TA,TA
37900,3,6,968,5925,1910,600.0,0.0,,1,2,OldTown,1.5Fin,TA,TA
91300,5,8,886,5784,1938,190.0,1.0,1938.0,1,2,OldTown,1Story,TA,TA
99500,5,8,792,8520,1923,624.0,1.0,1963.0,1,2,OldTown,1Story,TA,Gd
113000,4,5,1452,4456,1920,736.0,0.0,,2,2,OldTown,2Story,TA,TA
87500,4,4,1510,9600,1910,677.0,2.0,1974.0,2,3,OldTown,2Story,Gd,Gd
110000,5,7,1284,3500,1947,720.0,1.0,1948.0,1,2,OldTown,1.5Fin,TA,TA
106000,5,5,2138,8100,1898,849.0,2.0,1910.0,2,2,OldTown,2.5Unf,TA,TA
265979,7,7,2640,11700,1880,1240.0,4.0,1950.0,1,4,OldTown,2Story,Gd,Gd
160000,6,7,2007,8400,1900,917.0,1.0,1930.0,2,3,OldTown,2Story,Ex,TA
119000,6,7,1288,3600,1917,624.0,1.0,1917.0,1,3,OldTown,2Story,Ex,TA
168000,8,9,1742,17671,1882,916.0,2.0,1925.0,1,4,OldTown,2Story,Gd,Gd
58500,4,3,816,3300,1910,624.0,0.0,,1,2,OldTown,1Story,TA,TA
143000,7,9,1482,9000,1920,650.0,2.0,1930.0,1,3,OldTown,2Story,TA,TA
85000,5,4,1022,7200,1910,1022.0,1.0,1956.0,1,2,OldTown,1Story,TA,TA
124900,5,6,1869,8820,1890,1088.0,2.0,1963.0,1,2,OldTown,1.5Fin,TA,TA
119000,6,6,1480,5400,1920,972.0,1.0,1920.0,1,3,OldTown,1.5Fin,TA,Fa
146500,6,7,1521,9720,1910,741.0,3.0,1950.0,1,4,OldTown,2Story,Gd,TA
34900,4,5,720,7879,1920,720.0,0.0,,1,2,IDOTRR,1Story,TA,TA
44000,3,3,797,9392,1900,245.0,0.0,,1,2,IDOTRR,1Story,TA,TA
223500,5,6,1576,21384,1923,1324.0,2.0,1923.0,1,3,BrkSide,2Story,Gd,TA
149000,6,6,1432,6615,1923,1022.0,1.0,1923.0,1,3,BrkSide,1Story,Gd,TA
205000,7,7,1548,7264,1925,952.0,2.0,1978.0,2,3,BrkSide,1.5Fin,Ex,Gd
137000,5,7,1654,4960,1930,297.0,1.0,1955.0,2,3,BrkSide,1.5Fin,TA,TA
121000,6,6,952,8854,1916,952.0,1.0,1916.0,1,2,BrkSide,1.5Unf,Fa,TA
128000,4,6,1324,6000,1936,672.0,1.0,1936.0,1,3,BrkSide,1.5Fin,TA,TA
134900,6,9,1176,6000,1937,698.0,2.0,1999.0,1,2,BrkSide,1.5Fin,TA,Gd
117000,5,8,1348,6000,1925,884.0,1.0,1960.0,1,3,BrkSide,1.5Fin,TA,TA
132500,6,6,1412,6000,1939,780.0,1.0,1939.0,1,4,BrkSide,1.5Fin,TA,TA
93000,5,5,1142,6000,1924,468.0,1.0,1924.0,1,3,BrkSide,1.5Fin,TA,TA
119000,6,7,904,6000,1926,884.0,1.0,1926.0,1,2,BrkSide,1.5Unf,TA,Gd
100000,5,5,1301,6911,1924,1145.0,2.0,1965.0,1,2,BrkSide,1Story,Fa,TA
141500,5,6,1539,6120,1936,927.0,2.0,1995.0,1,3,BrkSide,1.5Fin,TA,TA
133000,4,7,1573,6120,1935,884.0,1.0,1935.0,1,3,BrkSide,1.5Fin,Gd,TA
60000,2,3,800,6120,1936,264.0,0.0,,1,1,BrkSide,1Story,Fa,Fa
105000,5,7,875,6120,1931,715.0,1.0,1931.0,1,2,BrkSide,1Story,TA,TA
115000,5,6,995,6120,1925,960.0,1.0,1926.0,1,2,BrkSide,1Story,TA,TA
150000,5,6,1582,6120,1938,952.0,1.0,1938.0,2,3,BrkSide,1.5Fin,TA,TA
126500,5,5,1072,8635,1925,1072.0,5.0,1982.0,1,2,BrkSide,1Story,TA,TA
214500,6,6,2134,11888,1916,844.0,2.0,1930.0,2,5,BrkSide,2.5Unf,Gd,TA
167500,7,8,2019,11414,1910,728.0,2.0,1997.0,1,3,BrkSide,2Story,Gd,TA
155000,6,6,1768,8094,1915,1048.0,2.0,1930.0,2,3,OldTown,2Story,TA,TA
155000,7,8,1826,2500,1915,910.0,1.0,1915.0,1,4,OldTown,2Story,Ex,Gd
179900,7,8,1944,9928,1915,672.0,1.0,1915.0,2,3,OldTown,2Story,TA,TA
104000,6,6,2229,5520,1912,755.0,0.0,,1,5,OldTown,2.5Fin,TA,TA
62500,5,1,2128,3000,1922,1040.0,0.0,,2,4,OldTown,2Story,TA,TA
149000,6,5,1930,6876,1927,720.0,1.0,1927.0,2,4,IDOTRR,2Story,TA,TA
103000,4,5,1208,6240,1925,780.0,2.0,1962.0,1,2,IDOTRR,1.5Fin,TA,TA
123000,6,7,1427,5775,1915,483.0,1.0,1915.0,1,3,OldTown,2Story,Gd,TA
97500,7,5,1864,5852,1902,1020.0,0.0,,2,6,OldTown,2.5Unf,TA,TA
135000,6,6,1666,5160,1927,1204.0,1.0,1927.0,1,3,IDOTRR,1.5Fin,TA,TA
70000,4,6,892,5160,1923,858.0,0.0,,1,1,IDOTRR,SFoyer,Gd,TA
116000,6,7,1403,10320,1915,698.0,1.0,1915.0,1,3,IDOTRR,2Story,TA,TA
88750,4,9,704,4280,1946,560.0,1.0,1946.0,1,2,Sawyer,1Story,Fa,TA
179000,5,5,1200,10800,1987,1200.0,0.0,,3,3,Edwards,1Story,TA,TA
179000,5,5,1200,10800,1987,1200.0,0.0,,3,3,Edwards,1Story,TA,TA
159900,5,5,1152,10547,1978,1152.0,1.0,1960.0,2,2,Edwards,SFoyer,TA,TA
61000,1,1,904,10020,1922,683.0,0.0,,0,1,Edwards,1Story,Fa,Fa
103600,6,6,1369,6629,1925,672.0,1.0,1930.0,2,3,Edwards,2Story,TA,TA
63000,5,3,1112,9780,1934,585.0,1.0,1934.0,2,4,Edwards,1.5Fin,TA,TA
175000,5,6,1464,12886,1963,520.0,2.0,1997.0,2,3,Sawyer,SLvl,TA,TA
139000,5,6,1121,8816,1963,1121.0,2.0,1963.0,1,3,Sawyer,1Story,TA,TA
172500,6,5,1683,11184,1978,918.0,2.0,1978.0,2,3,Sawyer,2Story,TA,TA
113500,5,6,1052,11625,1967,1052.0,1.0,1984.0,1,3,Sawyer,1Story,TA,TA
130000,5,7,899,7800,1967,864.0,1.0,1967.0,1,3,Sawyer,1Story,Gd,TA
149900,6,5,1034,8014,1978,456.0,2.0,1978.0,1,3,Sawyer,SFoyer,TA,TA
134900,5,5,858,7252,1982,858.0,2.0,1983.0,1,2,Sawyer,SFoyer,TA,TA
137000,5,6,860,8740,1982,840.0,2.0,1996.0,1,2,Sawyer,SFoyer,TA,TA
139000,5,5,1092,11616,1962,1092.0,1.0,1962.0,1,3,Sawyer,1Story,TA,TA
165000,5,5,1774,15400,1961,552.0,1.0,1961.0,2,4,Sawyer,SLvl,TA,TA
148000,6,5,1138,15312,1960,1138.0,2.0,1960.0,1,3,Sawyer,SLvl,TA,TA
165000,5,5,2071,15584,1956,825.0,1.0,1956.0,1,4,ClearCr,SLvl,TA,TA
63900,2,2,660,9000,1947,0.0,0.0,,1,2,Sawyer,1Story,Fa,TA
161500,4,5,1788,11250,1957,1104.0,1.0,1957.0,1,5,ClearCr,1.5Fin,TA,TA
143000,5,8,1473,25095,1968,1437.0,1.0,1968.0,1,1,ClearCr,1Story,Ex,TA
135000,4,6,1229,17140,1956,1134.0,1.0,1956.0,1,3,Edwards,1Story,TA,TA
82500,4,5,861,12342,1940,861.0,2.0,1961.0,1,1,Edwards,1Story,TA,TA
190000,5,5,1867,10708,1955,1617.0,1.0,1955.0,1,2,ClearCr,1Story,TA,Gd
139600,3,5,1733,13680,1955,0.0,2.0,1955.0,2,4,Edwards,1Story,TA,TA
122000,4,5,1383,15635,1954,0.0,2.0,1980.0,1,2,Edwards,1Story,TA,TA
127500,6,5,1689,9855,1956,1436.0,2.0,1956.0,1,3,Edwards,1Story,TA,TA
121500,5,5,1073,9571,1956,1073.0,1.0,1956.0,1,2,Edwards,1Story,TA,TA
60000,5,3,1276,9571,1958,1276.0,1.0,1958.0,1,3,Edwards,1Story,TA,TA
154400,6,7,1639,9350,1946,747.0,1.0,1946.0,1,3,Edwards,2Story,Gd,TA
113000,4,6,672,9340,1941,672.0,1.0,1941.0,1,2,Edwards,1Story,TA,TA
125000,5,6,1089,7440,1954,1089.0,1.0,1954.0,1,3,Edwards,1Story,TA,TA
84000,4,3,845,11500,1957,0.0,1.0,1957.0,1,3,Edwards,1Story,TA,TA
139500,5,5,1049,4235,1984,1049.0,1.0,1984.0,2,2,Edwards,1Story,Gd,Gd
131000,5,4,1716,11409,1949,768.0,1.0,1949.0,1,3,Edwards,1.5Fin,TA,TA
105000,6,5,1258,9060,1939,560.0,1.0,1939.0,1,2,Edwards,1.5Fin,TA,TA
108000,4,5,1510,9084,1940,755.0,1.0,1940.0,1,4,Edwards,2Story,TA,TA
162000,7,6,1061,10778,1990,1054.0,2.0,1990.0,1,1,SawyerW,SLvl,Gd,Gd
156500,6,5,1338,19255,1983,520.0,2.0,1983.0,1,2,SawyerW,SLvl,Gd,Gd
316600,8,8,2132,12327,1983,1496.0,2.0,1983.0,1,1,SawyerW,1.5Fin,Gd,Gd
271900,7,7,2196,14684,1990,2158.0,3.0,1990.0,2,3,SawyerW,1Story,Gd,Gd
213000,7,5,1775,9317,1993,740.0,2.0,1993.0,2,3,SawyerW,2Story,Gd,Gd
239900,7,5,1879,10560,1993,1079.0,2.0,1993.0,2,3,SawyerW,2Story,Gd,Gd
239500,8,5,2020,9828,1995,1128.0,2.0,1995.0,2,3,SawyerW,2Story,Gd,Gd
131000,5,7,2016,26400,1880,0.0,2.0,1900.0,1,4,SawyerW,2Story,TA,Gd
118964,5,5,1535,7018,1979,0.0,2.0,1979.0,2,4,SawyerW,1Story,TA,TA
153337,5,5,1224,7018,1979,1086.0,2.0,1979.0,0,2,SawyerW,SFoyer,TA,TA
147983,5,5,2228,7018,1979,0.0,2.0,1979.0,2,6,SawyerW,2Story,TA,TA
118858,5,5,1535,7018,1979,0.0,2.0,1979.0,2,4,SawyerW,1Story,TA,TA
118858,5,5,1535,7018,1979,0.0,2.0,1979.0,2,4,SawyerW,1Story,TA,TA
142953,5,5,2240,7018,1979,0.0,2.0,1979.0,2,6,SawyerW,2Story,TA,TA
148325,5,5,1229,7040,1979,1094.0,2.0,1979.0,0,2,SawyerW,SFoyer,Gd,TA
113722,5,5,1513,7007,1979,0.0,2.0,1979.0,2,4,SawyerW,1Story,TA,TA
269500,7,5,2787,11855,2000,1168.0,4.0,2000.0,4,6,SawyerW,2Story,TA,TA
269500,7,5,2787,7939,2000,1168.0,4.0,2000.0,4,6,SawyerW,2Story,TA,TA
269500,7,5,2787,7976,2000,1168.0,4.0,2000.0,4,6,SawyerW,2Story,TA,TA
323262,9,5,1680,10933,2009,1555.0,3.0,2009.0,1,1,CollgCr,1Story,Ex,Ex
297000,8,5,1718,10637,2007,1705.0,3.0,2007.0,2,3,CollgCr,1Story,Gd,Gd
295493,8,5,1630,10226,2008,1622.0,3.0,2008.0,2,3,CollgCr,1Story,Ex,Gd
332000,9,5,1720,10816,2008,1720.0,3.0,2008.0,2,3,CollgCr,1Story,Ex,Ex
239900,8,5,1468,9178,2008,1468.0,3.0,2008.0,2,3,CollgCr,1Story,Gd,Gd
212000,8,5,1768,10769,2007,866.0,2.0,2007.0,2,3,CollgCr,2Story,Gd,Gd
272500,8,5,1838,11422,2007,1838.0,2.0,2007.0,2,3,CollgCr,1Story,Gd,Gd
239000,9,5,1800,11923,2007,1800.0,2.0,2007.0,2,2,CollgCr,1Story,Ex,Gd
220000,7,5,1604,8814,2006,1604.0,2.0,2006.0,2,3,CollgCr,1Story,Gd,Gd
200000,7,5,1290,6762,2007,1282.0,2.0,2007.0,2,2,CollgCr,1Story,Gd,Gd
221800,8,5,1254,10324,2008,1254.0,3.0,2008.0,2,2,CollgCr,1Story,Gd,Gd
194500,7,5,1232,7314,2007,1232.0,2.0,2007.0,2,2,CollgCr,1Story,Gd,Gd
237000,8,5,1498,11645,2005,1498.0,3.0,2005.0,2,3,CollgCr,1Story,Gd,Gd
173000,6,5,1422,11646,2005,704.0,2.0,2005.0,2,3,CollgCr,2Story,Gd,Gd
275000,7,5,1644,12800,1989,1518.0,2.0,1989.0,2,2,SawyerW,SLvl,Gd,Gd
233500,7,5,1759,16698,1992,1449.0,2.0,1992.0,2,3,ClearCr,2Story,Gd,Gd
185000,5,5,2126,28698,1967,1013.0,2.0,1967.0,2,3,ClearCr,2Story,TA,TA
152000,5,5,1040,12464,1996,1040.0,2.0,2000.0,1,3,CollgCr,1Story,Gd,TA
143000,5,7,990,9757,1994,990.0,1.0,1995.0,1,3,CollgCr,1Story,TA,TA
231500,6,5,1764,15426,1997,928.0,2.0,1997.0,2,3,CollgCr,2Story,Gd,TA
212000,7,6,1661,10667,1996,799.0,2.0,1996.0,2,3,CollgCr,2Story,Gd,Gd
207000,7,5,1463,14753,1998,1463.0,2.0,1998.0,2,3,CollgCr,1Story,TA,TA
145000,5,5,1097,10859,1994,1097.0,2.0,1995.0,1,3,CollgCr,1Story,TA,TA
138000,5,5,990,8072,1994,990.0,2.0,2000.0,1,3,CollgCr,1Story,TA,TA
197900,7,5,1779,10400,1998,866.0,2.0,1998.0,2,3,CollgCr,2Story,Gd,TA
204000,7,5,1501,10335,1999,1490.0,2.0,1999.0,2,3,CollgCr,1Story,Gd,Gd
192000,7,5,1431,9017,1999,1431.0,2.0,1999.0,2,3,CollgCr,1Story,Gd,Gd
200000,6,5,1772,8750,1998,928.0,2.0,1998.0,2,3,CollgCr,2Story,TA,TA
195000,7,5,1660,8935,2002,831.0,2.0,2002.0,2,3,CollgCr,2Story,Gd,Gd
227000,7,5,1573,9808,2002,1573.0,2.0,2002.0,2,3,CollgCr,1Story,Gd,Gd
230000,7,5,1840,12420,2001,944.0,2.0,2001.0,2,3,CollgCr,2Story,Gd,Gd
187100,7,5,1430,16285,2001,1413.0,2.0,2001.0,2,3,CollgCr,1Story,Gd,Gd
203000,7,5,1444,10739,2002,1431.0,2.0,2002.0,2,3,CollgCr,1Story,Gd,Gd
201000,7,5,1492,11166,2001,1492.0,2.0,2001.0,2,3,CollgCr,1Story,Gd,Gd
124000,5,5,1040,8430,1978,1040.0,0.0,,2,3,CollgCr,1Story,TA,TA
140000,5,5,907,16269,1978,907.0,1.0,1978.0,1,3,CollgCr,1Story,TA,TA
134900,5,7,914,6950,1979,914.0,2.0,1979.0,1,2,CollgCr,1Story,TA,TA
150500,5,7,1040,8800,1977,1040.0,2.0,1977.0,2,3,CollgCr,1Story,Gd,TA
136500,5,8,864,7000,1978,864.0,1.0,1978.0,1,3,CollgCr,1Story,TA,Gd
143500,5,7,1268,9286,1977,1268.0,1.0,1978.0,1,3,CollgCr,1Story,Gd,TA
133500,5,6,864,15523,1972,864.0,1.0,1972.0,1,3,CollgCr,1Story,TA,TA
123000,5,5,894,7200,1972,894.0,2.0,1985.0,1,2,CollgCr,1Story,TA,TA
133900,5,8,768,7200,1972,768.0,1.0,1974.0,1,2,CollgCr,SFoyer,TA,TA
133000,5,7,768,8445,1972,768.0,2.0,1988.0,1,2,CollgCr,SFoyer,TA,TA
250000,7,5,1611,11664,2002,1569.0,3.0,2002.0,2,3,CollgCr,1Story,Gd,Gd
254750,8,5,2184,12334,2003,1068.0,2.0,2003.0,2,4,CollgCr,2Story,Gd,Gd
236500,8,5,1788,11838,2001,1753.0,2.0,2001.0,2,3,CollgCr,1Story,Ex,Gd
261500,8,5,1872,11885,2001,1299.0,2.0,2001.0,2,3,CollgCr,2Story,Ex,Gd
313000,9,5,2153,11050,2000,1440.0,3.0,2000.0,2,3,CollgCr,2Story,Ex,Gd
198500,7,5,1725,8749,2002,840.0,2.0,2002.0,2,3,CollgCr,2Story,Gd,Gd
211000,7,5,1870,11250,2001,944.0,2.0,2001.0,2,3,CollgCr,2Story,Gd,Gd
220000,8,5,1513,15750,1999,1462.0,2.0,1999.0,2,2,CollgCr,1Story,Gd,Gd
203000,7,5,1504,11883,1996,1504.0,2.0,1996.0,2,3,CollgCr,1Story,Gd,Gd
279500,8,5,1828,12782,2002,1822.0,2.0,2002.0,2,3,CollgCr,1Story,Gd,Gd
210000,7,5,1417,8750,1997,1417.0,2.0,1997.0,2,3,CollgCr,1Story,Gd,Gd
219500,7,5,2034,9375,1997,1057.0,2.0,1998.0,2,3,CollgCr,2Story,Gd,TA
191000,7,5,1716,8750,1996,880.0,2.0,1996.0,2,2,CollgCr,2Story,Gd,Gd
178000,7,5,1212,9100,2001,1212.0,2.0,2001.0,2,3,CollgCr,1Story,Gd,Gd
213000,7,5,1630,9750,2000,1630.0,2.0,2000.0,2,3,CollgCr,1Story,Gd,Gd
144000,6,5,848,4435,2003,848.0,2.0,2003.0,1,1,CollgCr,1Story,Gd,Gd
140000,6,5,848,4435,2003,848.0,2.0,2003.0,1,1,CollgCr,1Story,Gd,Gd
293200,8,5,1602,10200,2007,1578.0,3.0,2007.0,2,3,CollgCr,1Story,Gd,Gd
190000,7,5,1728,9313,2004,864.0,2.0,2004.0,2,3,CollgCr,2Story,Gd,Gd
190000,7,5,1500,8487,2004,1500.0,2.0,2004.0,2,3,CollgCr,1Story,Gd,Gd
173500,6,5,1476,8633,2005,738.0,2.0,2005.0,2,3,CollgCr,2Story,Gd,Gd
170000,6,5,1396,11069,2007,608.0,2.0,2007.0,2,3,CollgCr,2Story,Gd,Gd
108000,4,5,1126,8777,1949,0.0,2.0,2002.0,2,2,Edwards,1Story,Gd,TA
167000,5,7,1486,9937,1964,1486.0,2.0,1968.0,1,3,Edwards,1Story,TA,TA
100000,4,6,816,8877,1938,816.0,1.0,1958.0,1,2,Edwards,1Story,TA,TA
198500,7,5,1922,7301,2003,0.0,2.0,2003.0,3,4,Edwards,SFoyer,Gd,Gd
159500,6,6,1426,7950,1977,690.0,2.0,1977.0,1,3,Edwards,2Story,TA,TA
127000,4,6,1149,10682,1960,1014.0,1.0,1968.0,1,3,Edwards,1Story,TA,TA
125000,6,6,1125,7200,1976,1041.0,1.0,1977.0,1,3,Edwards,SLvl,TA,TA
320000,9,5,1698,13286,2007,1698.0,3.0,2007.0,2,3,Edwards,1Story,Ex,Ex
145500,6,5,1072,3675,2005,547.0,2.0,2005.0,1,2,Edwards,SFoyer,TA,TA
118000,5,9,698,9405,1947,698.0,0.0,,1,2,Edwards,1Story,TA,TA
85000,4,5,876,6410,1959,876.0,1.0,1959.0,1,3,Edwards,1Story,TA,TA
120000,5,5,1368,11767,1950,1078.0,1.0,1950.0,1,3,Edwards,1Story,TA,TA
98000,4,3,1529,8405,1945,0.0,1.0,1945.0,2,4,Edwards,1.5Fin,TA,TA
99900,5,8,864,4060,1922,864.0,0.0,,1,2,Edwards,1Story,TA,TA
82000,3,3,944,10206,1952,0.0,2.0,1956.0,1,2,Edwards,1Story,Fa,TA
119900,5,5,1678,10926,1959,1678.0,0.0,,2,6,Edwards,1Story,TA,TA
103500,5,5,1560,11767,1956,1150.0,1.0,1956.0,1,2,Edwards,1Story,TA,TA
112000,4,3,960,8926,1956,672.0,1.0,1956.0,1,3,Edwards,1Story,TA,TA
110000,6,8,1196,12354,1920,684.0,2.0,2005.0,1,3,Edwards,1.5Fin,Gd,TA
122000,5,6,1298,8212,1941,720.0,1.0,1940.0,1,3,Edwards,1.5Fin,TA,TA
117000,5,5,1604,10998,1941,984.0,2.0,1977.0,2,3,Edwards,1.5Fin,TA,TA
160000,5,4,1268,6300,1938,832.0,1.0,1938.0,1,3,SWISU,1.5Fin,TA,TA
159434,5,5,1520,4500,1932,793.0,1.0,1968.0,1,3,SWISU,1.5Fin,TA,TA
60000,2,5,438,8400,1920,290.0,1.0,1930.0,1,1,SWISU,1Story,Fa,TA
139500,6,7,1489,9900,1940,778.0,1.0,1940.0,2,3,SWISU,1.5Fin,TA,TA
197000,7,3,3082,15863,1920,824.0,2.0,1970.0,2,5,SWISU,2.5Fin,TA,TA
105000,6,6,1242,5707,1935,583.0,1.0,1926.0,1,3,SWISU,2Story,TA,TA
135000,4,3,1981,7804,1928,1122.0,2.0,1981.0,2,4,SWISU,1.5Fin,Gd,TA
147500,6,8,1232,8574,1916,816.0,2.0,1916.0,1,3,Crawfor,1Story,Gd,Gd
137450,6,6,1608,6171,1925,976.0,1.0,1925.0,2,3,SWISU,1.5Fin,Gd,TA
155000,7,9,1135,7200,1936,560.0,2.0,1971.0,1,3,SWISU,2Story,Gd,Gd
177000,6,6,1913,7558,1928,896.0,2.0,1929.0,1,3,Crawfor,1.5Fin,TA,TA
145000,7,7,1477,6292,1928,861.0,1.0,1928.0,2,3,SWISU,1.5Fin,TA,TA
137000,7,8,1228,7155,1918,600.0,1.0,1918.0,1,3,Crawfor,2Story,TA,TA
234000,7,9,2080,10918,1926,1276.0,1.0,1926.0,1,3,Crawfor,2Story,Gd,Gd
205000,5,6,1567,13680,1940,840.0,2.0,1961.0,1,2,Crawfor,1.5Fin,TA,TA
177500,6,7,1494,7500,1942,771.0,1.0,1942.0,1,3,Crawfor,2Story,Gd,TA
160000,5,7,1308,9600,1940,728.0,1.0,1940.0,1,2,Crawfor,1.5Fin,TA,Gd
155000,5,4,1273,14680,1960,1273.0,1.0,1960.0,1,2,Crawfor,1Story,TA,TA
163500,5,7,964,13360,1921,876.0,2.0,1921.0,1,2,Crawfor,1Story,TA,TA
154900,5,6,1343,7681,1921,731.0,1.0,1921.0,1,3,Crawfor,1.5Fin,TA,TA
205000,7,6,2480,8145,1940,920.0,2.0,1940.0,2,5,Crawfor,2.5Unf,TA,TA
144800,5,6,1112,9100,1954,1112.0,1.0,1954.0,1,2,Crawfor,1Story,TA,TA
174500,7,7,1564,12000,1941,704.0,1.0,1941.0,1,3,Crawfor,2Story,Fa,TA
193000,6,6,1561,13339,1960,1561.0,2.0,1960.0,2,3,Crawfor,1Story,TA,TA
158000,5,7,1523,15600,1949,1067.0,1.0,1949.0,2,3,Crawfor,1.5Fin,Fa,TA
158500,6,8,1152,14000,1950,1092.0,1.0,1950.0,1,3,Crawfor,1Story,Gd,TA
224000,6,5,1906,17500,1954,1310.0,2.0,1954.0,1,3,Crawfor,1Story,TA,TA
115000,6,6,1032,1733,1980,516.0,2.0,1980.0,1,2,Blueste,2Story,TA,TA
137000,6,6,1229,1488,1980,561.0,2.0,1980.0,1,2,Blueste,2Story,Gd,TA
121000,6,6,1229,1612,1980,561.0,2.0,1980.0,1,2,Blueste,2Story,TA,TA
124000,6,6,1229,1300,1980,561.0,2.0,1980.0,1,2,Blueste,2Story,TA,TA
208000,6,6,1982,13607,1986,572.0,2.0,1986.0,2,3,Crawfor,SLvl,TA,TA
315000,7,9,2365,17597,1971,1803.0,2.0,1971.0,2,3,Crawfor,1Story,Ex,Gd
222000,6,9,1680,21695,1988,880.0,2.0,1988.0,2,3,Crawfor,1Story,Gd,Gd
147000,5,7,1344,10690,1920,672.0,1.0,1964.0,1,3,IDOTRR,2Story,TA,TA
123000,5,6,2168,8660,1900,760.0,2.0,1998.0,2,5,IDOTRR,2Story,Gd,TA
78000,5,5,1192,6402,1920,596.0,1.0,1920.0,1,3,IDOTRR,2Story,TA,TA
85000,3,2,1526,8470,1915,1013.0,0.0,,1,2,IDOTRR,1.5Fin,Fa,Fa
75000,4,6,572,10200,1925,572.0,1.0,1940.0,1,2,IDOTRR,1Story,TA,TA
230000,8,5,1648,3843,2007,1596.0,2.0,2007.0,2,2,Crawfor,1Story,Ex,Ex
57625,2,4,810,21780,1910,0.0,1.0,1975.0,1,1,IDOTRR,1Story,TA,Fa
251000,8,5,2052,10125,2000,1107.0,3.0,2000.0,2,3,Mitchel,2Story,Gd,Gd
239686,7,5,2149,12822,2003,1434.0,2.0,2003.0,1,1,Mitchel,1.5Fin,Gd,Gd
240000,7,5,1710,12118,2004,1710.0,2.0,2004.0,2,3,Mitchel,1Story,Gd,Gd
215000,6,5,1961,12209,2001,804.0,2.0,2001.0,2,3,Mitchel,2Story,Gd,TA
156450,6,6,926,9750,1977,902.0,1.0,1977.0,1,2,Mitchel,SFoyer,TA,TA
173000,6,7,1287,9360,1977,957.0,2.0,1977.0,1,2,Mitchel,SFoyer,TA,TA
126000,5,5,1734,10125,1977,0.0,2.0,1977.0,2,4,Mitchel,1.5Fin,Gd,TA
173000,7,5,1217,9947,1990,1188.0,2.0,1990.0,2,3,Mitchel,SLvl,Gd,TA
152000,5,5,1595,11070,1991,1582.0,2.0,1991.0,2,2,Mitchel,1Story,TA,TA
137500,6,6,1344,14375,1958,819.0,2.0,1958.0,1,3,Timber,SLvl,Gd,TA
375000,7,5,2036,215245,1965,2136.0,2.0,1965.0,2,3,Timber,1Story,TA,TA
315500,9,5,1620,12898,2007,1620.0,3.0,2008.0,2,2,Timber,1Story,Ex,Gd
224500,7,5,1692,13159,2009,846.0,2.0,2009.0,2,3,Timber,2Story,Gd,TA
410000,9,5,2036,13438,2008,2190.0,3.0,2008.0,2,3,Timber,1Story,Ex,Ex
316500,9,5,1641,14463,2008,1641.0,3.0,2008.0,2,3,Timber,1Story,Ex,Ex
201000,8,5,1466,8925,2007,1466.0,3.0,2007.0,2,3,Timber,1Story,Gd,Gd
175000,6,5,1412,11457,1988,1392.0,2.0,1988.0,2,3,Timber,1Story,Gd,TA
204000,6,8,2237,9839,1980,712.0,2.0,1980.0,2,3,Timber,2Story,Gd,TA
213500,7,5,1479,14419,1987,1645.0,2.0,1987.0,2,3,Timber,SLvl,Gd,TA
220000,8,5,1296,6853,2001,1267.0,2.0,2001.0,2,2,Timber,1Story,Gd,Gd
170000,7,5,2014,9157,2003,912.0,2.0,2003.0,2,3,Timber,2Story,Gd,Gd
315000,9,5,1838,14601,2006,1838.0,3.0,2006.0,2,2,Timber,1Story,Ex,Ex
425000,9,5,1978,12633,2007,1978.0,3.0,2007.0,2,2,Timber,1Story,Ex,Ex
139500,5,7,1008,12518,1968,1008.0,1.0,1968.0,1,3,Mitchel,1Story,Gd,TA
115000,5,4,1771,21750,1960,0.0,2.0,1960.0,1,3,Mitchel,1Story,TA,TA
162000,6,5,1204,4500,1998,1204.0,2.0,1998.0,2,2,Mitchel,1Story,TA,TA
165000,6,5,1224,4500,1999,1224.0,2.0,1999.0,2,2,Mitchel,1Story,TA,TA
91000,4,5,988,1596,1973,462.0,1.0,1973.0,1,2,MeadowV,SLvl,TA,TA
130000,5,6,874,9858,1968,864.0,1.0,1968.0,1,3,Mitchel,1Story,TA,TA
86000,4,8,630,1526,1970,630.0,1.0,1970.0,1,1,MeadowV,SFoyer,Gd,TA
160000,5,5,1404,13383,1969,1188.0,2.0,1969.0,2,3,Mitchel,1Story,TA,TA
80000,4,4,630,1477,1970,630.0,1.0,1970.0,1,1,MeadowV,SFoyer,TA,TA
97000,4,6,1344,1533,1970,546.0,0.0,,1,3,MeadowV,2Story,TA,TA
88000,4,4,1092,2217,1970,546.0,1.0,1970.0,1,3,MeadowV,2Story,TA,TA
131900,5,8,796,7689,1972,796.0,1.0,1998.0,1,2,Mitchel,SFoyer,TA,TA
131250,6,5,1091,7706,1993,384.0,1.0,1993.0,1,2,Mitchel,SLvl,TA,TA
165500,5,6,1110,9101,1978,1097.0,2.0,1978.0,1,1,Mitchel,SFoyer,Gd,TA
112000,5,5,833,8780,1985,833.0,0.0,,1,3,Mitchel,1Story,TA,TA
149000,5,6,883,7669,1992,828.0,2.0,1998.0,1,2,Mitchel,SFoyer,TA,TA
143000,5,5,1362,14115,1993,796.0,2.0,1993.0,1,1,Mitchel,1.5Fin,TA,TA
130000,5,5,1287,10429,1992,624.0,2.0,2001.0,1,3,Mitchel,2Story,TA,TA
196000,6,5,1567,9819,1977,1567.0,2.0,1977.0,2,2,Mitchel,1Story,Gd,TA
173000,5,7,1632,10457,1969,784.0,2.0,1969.0,1,4,Mitchel,2Story,TA,Gd
176500,6,8,1414,11029,1958,1184.0,2.0,1990.0,1,3,NAmes,1Story,TA,Ex
237500,6,7,2117,12925,1970,1205.0,2.0,1970.0,2,4,NAmes,1Story,TA,TA
206900,6,5,2112,11075,1969,952.0,2.0,1969.0,2,4,NAmes,2Story,TA,TA
187500,6,5,1604,8702,1997,926.0,2.0,1997.0,2,3,Gilbert,2Story,TA,TA
165000,6,5,1470,8139,1995,680.0,2.0,1995.0,2,3,Gilbert,2Story,TA,TA
195500,6,5,1604,9535,1998,926.0,2.0,1998.0,2,3,Gilbert,2Story,TA,TA
192000,6,5,1638,9042,1998,943.0,2.0,1998.0,2,3,Gilbert,2Story,TA,TA
173000,6,5,1636,15038,1996,916.0,2.0,1996.0,2,3,Gilbert,2Story,TA,TA
177900,5,5,1384,14137,1996,1348.0,2.0,1996.0,2,3,Gilbert,1Story,Gd,Gd
175000,7,5,1446,21872,1996,729.0,2.0,1996.0,2,3,Gilbert,2Story,TA,TA
286000,8,5,1593,4923,2001,1593.0,2.0,2001.0,1,0,StoneBr,1Story,Ex,Gd
247900,8,5,1682,6264,1997,1664.0,2.0,1997.0,1,1,StoneBr,1Story,Gd,Gd
180000,8,5,1337,5395,1993,1337.0,2.0,1993.0,2,2,StoneBr,1Story,Gd,Gd
180000,8,5,1280,5070,1992,1280.0,2.0,1992.0,2,2,StoneBr,1Story,Gd,Gd
181000,6,5,1604,10839,1997,926.0,2.0,1997.0,2,3,Gilbert,2Story,TA,TA
183000,6,5,1633,11184,1998,932.0,2.0,1998.0,2,3,Gilbert,2Story,TA,TA
188000,6,5,1658,8000,1995,773.0,2.0,1995.0,2,3,Gilbert,2Story,TA,TA
194500,7,5,1895,10832,1994,712.0,2.0,1994.0,2,3,Gilbert,2Story,Gd,Gd
185000,6,5,1709,14067,1991,836.0,2.0,1991.0,2,3,Gilbert,2Story,Gd,TA
189000,8,5,1228,4671,1988,1228.0,2.0,1988.0,2,2,StoneBr,1Story,Gd,Gd
188500,8,5,1337,5950,1989,1337.0,2.0,1989.0,2,2,StoneBr,1Story,Gd,Gd
355000,8,5,2500,13543,2005,1168.0,3.0,2005.0,3,5,StoneBr,2Story,Ex,Gd
325000,9,5,2504,11198,2005,1122.0,3.0,2005.0,2,4,StoneBr,2Story,Ex,Gd
387000,9,5,1884,15401,2004,1884.0,3.0,2004.0,2,2,StoneBr,1Story,Ex,Ex
115000,6,2,1474,31220,1952,1632.0,2.0,1952.0,1,3,Gilbert,1Story,TA,TA
334000,9,5,1710,8118,2007,1710.0,2.0,2007.0,2,2,StoneBr,1Story,Ex,Ex
133000,6,5,1488,47280,1950,1488.0,2.0,1950.0,2,3,Gilbert,1Story,TA,TA
215000,7,6,2093,20544,1986,791.0,2.0,1986.0,2,3,NWAmes,2Story,TA,TA
226500,7,6,1688,12680,1988,1675.0,2.0,1988.0,2,2,NWAmes,1Story,Ex,Gd
175500,6,6,1422,12090,1981,1422.0,2.0,1981.0,2,3,NWAmes,1Story,Gd,TA
181900,7,7,1260,10825,1983,1260.0,2.0,1983.0,2,3,NWAmes,1Story,TA,Gd
235000,7,5,2064,18559,1978,2048.0,2.0,1978.0,2,3,NWAmes,1Story,Gd,Gd
220000,7,5,1782,14450,1979,1782.0,2.0,1979.0,2,3,NWAmes,1Story,Gd,Gd
272000,6,7,2872,12227,1977,1330.0,2.0,1977.0,2,4,NWAmes,2Story,TA,TA
161000,6,5,1211,13068,1976,1211.0,2.0,1976.0,2,3,NWAmes,1Story,Gd,TA
175000,5,6,1126,15611,1977,1126.0,2.0,1977.0,2,3,NWAmes,1Story,Ex,TA
185000,7,6,2044,10400,1980,738.0,2.0,1980.0,2,3,NWAmes,2Story,TA,TA
146900,5,6,1308,9743,1969,720.0,2.0,1969.0,1,3,NWAmes,2Story,TA,TA
292500,7,7,2840,12511,1978,1420.0,4.0,1978.0,2,4,NWAmes,2Story,Gd,Gd
180000,6,5,1523,11361,1976,1193.0,2.0,1976.0,2,3,NWAmes,1Story,TA,TA
159900,6,5,1444,10400,1976,1444.0,2.0,1976.0,2,2,NWAmes,1Story,TA,TA
205000,7,6,1964,10480,1976,803.0,2.0,1976.0,2,4,NWAmes,2Story,TA,TA
157000,5,6,1178,10000,1973,1176.0,2.0,1973.0,1,3,NWAmes,1Story,Gd,TA
306000,8,5,2340,14311,1996,1236.0,3.0,1996.0,2,4,NWAmes,2Story,Gd,Gd
133000,5,5,1792,9000,1974,896.0,2.0,1982.0,2,4,NAmes,2Story,TA,TA
151000,6,8,1054,9750,1969,1054.0,2.0,1969.0,1,3,NAmes,1Story,TA,TA
111900,4,6,936,10295,1969,936.0,1.0,1969.0,1,2,NAmes,1Story,TA,TA
123000,5,5,864,7560,1971,864.0,2.0,1977.0,1,3,NAmes,1Story,TA,TA
111250,4,5,864,12735,1972,864.0,2.0,1980.0,1,3,NAmes,1Story,TA,TA
181000,6,5,1337,4060,1998,1405.0,2.0,1998.0,2,2,NAmes,1Story,Gd,Gd
103400,6,5,987,1680,1973,483.0,1.0,1973.0,1,2,BrDale,2Story,TA,TA
100000,6,5,987,1680,1973,483.0,1.0,1973.0,1,2,BrDale,2Story,TA,TA
100500,6,6,987,1890,1972,483.0,1.0,1975.0,1,2,BrDale,2Story,TA,TA
106000,6,6,987,1869,1970,483.0,1.0,1987.0,1,2,BrDale,2Story,TA,TA
85400,6,5,987,1680,1971,483.0,1.0,1971.0,1,2,BrDale,2Story,TA,TA
89500,6,3,987,1680,1971,483.0,1.0,1971.0,1,2,BrDale,2Story,TA,TA
111750,5,5,1302,1680,1972,630.0,1.0,1972.0,2,3,BrDale,2Story,TA,TA
140000,6,6,1069,4043,1977,1069.0,2.0,1977.0,2,2,NPkVill,1Story,TA,TA
143000,6,6,1456,2308,1975,855.0,2.0,1975.0,2,4,NPkVill,2Story,TA,TA
148500,7,6,1055,2529,1977,1055.0,2.0,1977.0,2,2,NPkVill,1Story,TA,TA
110000,5,5,892,9477,1966,864.0,1.0,1966.0,1,3,NAmes,1Story,TA,TA
394617,8,5,1932,12444,2008,1932.0,3.0,2008.0,2,2,NridgHt,1Story,Ex,Ex
426000,10,5,2332,12474,2007,1682.0,3.0,2008.0,2,3,NridgHt,2Story,Ex,Ex
385000,10,5,2084,14803,2007,2078.0,3.0,2007.0,2,2,NridgHt,1Story,Ex,Ex
446261,9,5,2713,14948,2008,1452.0,3.0,2008.0,2,3,NridgHt,2Story,Ex,Ex
317500,8,5,1582,12704,2007,1582.0,3.0,2007.0,2,3,NridgHt,1Story,Gd,Gd
372402,8,5,1710,13891,2007,1710.0,3.0,2007.0,2,2,NridgHt,1Story,Gd,Gd
417500,8,5,2464,13693,2007,2418.0,3.0,2007.0,2,4,NridgHt,1Story,Ex,Gd
383000,9,5,1950,14418,2007,1950.0,3.0,2007.0,2,2,NridgHt,1Story,Ex,Ex
390000,9,5,2748,13418,2006,1850.0,3.0,2006.0,2,4,NridgHt,2Story,Ex,Gd
460000,10,5,2790,12539,2005,1620.0,4.0,2005.0,2,4,NridgHt,2Story,Ex,Ex
379000,9,5,2331,12151,2005,1414.0,3.0,2005.0,2,3,NridgHt,2Story,Ex,Gd
250000,8,5,2088,8899,2007,948.0,3.0,2007.0,2,4,NridgHt,2Story,Gd,Ex
316000,8,5,2332,10574,2004,1148.0,3.0,2004.0,2,4,NridgHt,2Story,Ex,Gd
615000,10,5,2470,12720,2003,2535.0,3.0,2003.0,1,1,NridgHt,1Story,Ex,Ex
412500,9,5,2668,13688,2003,1572.0,3.0,2003.0,2,3,NridgHt,2Story,Ex,Gd
284000,7,5,2046,10625,2003,998.0,3.0,2003.0,2,3,NridgHt,2Story,Gd,Gd
284000,8,5,1575,10845,2003,1603.0,3.0,2003.0,2,2,NridgHt,1Story,Gd,Gd
421250,8,5,2649,16900,2001,1479.0,3.0,2001.0,2,4,NridgHt,2Story,Gd,Gd
370000,8,5,2690,16451,2003,1765.0,3.0,2003.0,2,4,NridgHt,2Story,Gd,Gd
336860,9,5,1866,10110,2008,1858.0,3.0,2008.0,2,2,NridgHt,1Story,Ex,Ex
367294,9,5,1702,8769,2008,1702.0,3.0,2008.0,1,1,NridgHt,1Story,Ex,Ex
192000,7,5,1367,12304,2005,1367.0,2.0,2005.0,2,2,NridgHt,1Story,Gd,Gd
274000,8,5,1518,12677,2003,1518.0,2.0,2003.0,1,1,NridgHt,1Story,Ex,Ex
266000,9,5,1684,8849,2005,1684.0,2.0,2005.0,2,2,NridgHt,1Story,Ex,Ex
370967,9,5,1800,8232,2007,1800.0,3.0,2008.0,2,2,NridgHt,1Story,Ex,Ex
234250,8,5,1342,6240,2006,1342.0,2.0,2007.0,2,2,NridgHt,1Story,Gd,Gd
219500,8,5,1342,6240,2006,1342.0,2.0,2007.0,2,2,NridgHt,1Story,Gd,Gd
155000,7,5,1626,2448,2003,764.0,2.0,2003.0,2,2,NridgHt,2Story,Gd,Gd
154000,7,5,1626,2448,2003,764.0,2.0,2003.0,2,2,NridgHt,2Story,Gd,Gd
207000,7,5,1358,8198,2004,1358.0,2.0,2004.0,2,2,NridgHt,1Story,Gd,Gd
195000,7,5,1455,3940,2003,1415.0,3.0,2003.0,2,2,Blmngtn,1Story,Gd,Gd
219990,7,5,1576,3940,2004,1393.0,3.0,2004.0,2,2,Blmngtn,1Story,Gd,Gd
191000,7,5,1504,3182,2005,1346.0,2.0,2005.0,2,2,Blmngtn,1Story,Gd,Gd
159895,7,5,1266,3182,2007,1266.0,2.0,2007.0,2,2,Blmngtn,1Story,Gd,Gd
187687,7,5,1246,3710,2007,1146.0,2.0,2007.0,2,2,Blmngtn,1Story,Gd,Gd
179000,6,5,1515,9024,2004,789.0,2.0,2004.0,2,3,Gilbert,2Story,Gd,Gd
193000,6,5,1593,7415,2004,839.0,2.0,2004.0,2,3,Gilbert,2Story,TA,TA
190000,7,5,1166,9587,2005,856.0,2.0,2005.0,2,2,Gilbert,SLvl,Gd,Gd
176000,6,5,1456,8029,2005,728.0,2.0,2005.0,2,3,Gilbert,2Story,Gd,TA
188000,7,5,1720,8010,2002,840.0,2.0,2002.0,2,3,Gilbert,2Story,Gd,Gd
213000,7,5,1986,8396,2003,847.0,2.0,2003.0,2,4,Gilbert,2Story,Gd,Gd
217300,7,6,1358,7301,2007,1350.0,2.0,2008.0,2,2,NridgHt,1Story,Gd,Gd
186500,6,5,1792,10261,2000,936.0,2.0,2000.0,2,3,Gilbert,2Story,TA,TA
226750,7,5,1892,8220,2000,982.0,2.0,2000.0,2,3,Gilbert,2Story,TA,Gd
184000,7,5,1490,15384,2004,788.0,2.0,2004.0,2,3,Gilbert,2Story,Gd,Gd
176000,7,5,1414,7750,2002,707.0,2.0,2002.0,2,3,Gilbert,2Story,Gd,Gd
225000,7,5,2322,12460,1999,1037.0,2.0,1999.0,2,4,Gilbert,2Story,TA,Gd
185900,7,5,1651,8390,1999,831.0,2.0,1999.0,2,3,Gilbert,2Story,TA,TA
284500,8,5,2199,9660,1997,1173.0,2.0,1997.0,2,3,NoRidge,2.5Unf,Gd,Gd
315000,8,5,2630,9200,1998,1470.0,3.0,1998.0,2,4,NoRidge,2Story,Gd,Gd
250000,8,5,2198,14260,2000,1145.0,3.0,2000.0,2,4,NoRidge,2Story,Gd,Gd
291000,9,5,2172,11000,2000,1519.0,3.0,2000.0,2,4,NoRidge,2Story,Ex,Gd
350000,8,5,2006,11675,1998,1982.0,3.0,1998.0,2,2,NoRidge,1Story,Gd,Gd
279500,7,5,2125,10990,1996,1064.0,2.0,1996.0,2,4,NoRidge,2Story,Gd,Gd
290000,8,7,2501,11929,1995,1242.0,3.0,1995.0,2,4,NoRidge,2Story,Gd,Gd
350000,8,6,2113,10437,1995,2109.0,3.0,1995.0,2,2,NoRidge,1Story,Gd,Gd
341000,7,5,2418,10542,1993,1311.0,3.0,1993.0,2,3,NoRidge,2Story,Gd,Gd
287500,7,5,2197,10010,1993,1080.0,3.0,1993.0,2,4,NoRidge,2Story,Gd,Gd
271000,7,5,2127,10944,1994,1223.0,2.0,1994.0,2,3,NoRidge,2Story,Gd,Gd
301500,8,5,1987,14303,1994,1986.0,2.0,1994.0,2,2,NoRidge,1Story,Gd,Gd
235128,8,5,1580,11932,2007,1580.0,3.0,2008.0,2,3,Somerst,1Story,Gd,Gd
214000,6,5,1933,14598,2007,894.0,3.0,2007.0,2,4,Somerst,2Story,Gd,Gd
232000,8,5,1574,11957,2006,1574.0,3.0,2006.0,2,3,Somerst,1Story,Gd,Gd
240000,7,5,1578,13253,2006,1578.0,3.0,2006.0,2,3,Somerst,1Story,Gd,Gd
264132,9,5,1506,14587,2008,1498.0,2.0,2008.0,2,2,Somerst,1Story,Ex,Gd
245000,8,5,1563,10206,2007,1563.0,3.0,2007.0,2,3,Somerst,1Story,Gd,TA
227680,7,5,1428,12274,2008,1417.0,2.0,2008.0,2,3,Somerst,1Story,Ex,Gd
257000,8,5,1861,9801,2007,1341.0,3.0,2007.0,3,3,Somerst,2Story,Gd,Gd
297900,8,5,1874,9428,2007,955.0,3.0,2007.0,2,3,Somerst,2Story,Gd,Gd
247000,8,5,1460,10037,2006,1460.0,2.0,2006.0,2,3,Somerst,1Story,Gd,Gd
212700,8,5,1372,8640,2007,1363.0,2.0,2008.0,2,3,Somerst,1Story,Gd,Gd
250580,7,5,1372,8640,2007,1372.0,2.0,2008.0,2,3,Somerst,1Story,Gd,Gd
182000,7,5,1428,11639,2007,1428.0,2.0,2007.0,2,3,Somerst,1Story,Gd,Gd
226700,7,5,1768,9803,2005,866.0,2.0,2005.0,2,3,Somerst,2Story,Gd,Gd
250000,8,5,1992,9375,2003,1053.0,2.0,2003.0,2,3,Somerst,2Story,Gd,Gd
250000,7,5,1958,10625,2005,1026.0,3.0,2005.0,2,3,Somerst,2Story,Gd,Gd
339750,8,5,2078,10800,2007,1034.0,3.0,2008.0,2,3,Somerst,2Story,Ex,Gd
205950,7,6,1665,8125,2007,813.0,2.0,2007.0,2,3,Somerst,2Story,Gd,Gd
256000,8,5,1660,10625,2007,1660.0,3.0,2007.0,2,3,Somerst,1Story,Gd,Gd
230348,7,5,1218,7500,2007,1218.0,2.0,2008.0,2,2,Somerst,1Story,Gd,Gd
207500,6,5,1728,8791,2003,864.0,2.0,2003.0,2,3,Somerst,2Story,Gd,Gd
141000,7,5,1080,7500,2004,1080.0,0.0,,1,3,SawyerW,1Story,Gd,TA
188000,6,5,1696,10110,2003,835.0,2.0,2003.0,2,3,SawyerW,2Story,Gd,Gd
192500,7,5,1663,12774,2003,835.0,2.0,2003.0,2,3,SawyerW,2Story,Gd,Gd
146000,6,5,1175,13072,2005,1175.0,0.0,,1,3,SawyerW,1Story,Gd,TA
159000,5,5,1114,13695,2004,1114.0,2.0,2004.0,1,3,SawyerW,1Story,Gd,TA
155000,6,5,1114,13695,2003,1114.0,2.0,2004.0,1,3,SawyerW,1Story,Gd,TA
173000,6,5,1640,8366,2004,798.0,2.0,2004.0,2,3,SawyerW,2Story,Gd,Gd
170000,7,5,1162,9260,2007,1162.0,2.0,2007.0,2,3,SawyerW,1Story,Gd,Gd
182000,6,5,1609,8453,1995,754.0,2.0,1995.0,2,3,SawyerW,2Story,Gd,Gd
163000,6,5,1680,8480,1993,886.0,2.0,1993.0,2,3,SawyerW,2Story,Gd,Gd
193500,6,5,1679,8125,1994,1408.0,2.0,1994.0,2,3,SawyerW,1Story,Gd,TA
189000,7,5,1657,14565,1994,832.0,2.0,1994.0,2,3,SawyerW,2Story,Gd,Gd
190500,6,5,1677,8450,2001,827.0,2.0,2001.0,2,3,SawyerW,2Story,Gd,Gd
175000,7,5,1737,8285,1992,836.0,2.0,1992.0,2,3,SawyerW,2Story,Gd,Gd
179200,6,5,1294,7153,1991,1278.0,2.0,1991.0,2,3,SawyerW,1Story,Gd,TA
187000,6,5,1710,9291,1993,832.0,2.0,1993.0,2,3,SawyerW,2Story,Gd,Gd
193000,6,5,1617,8012,1993,1604.0,2.0,1993.0,2,2,SawyerW,1Story,Gd,Gd
153900,6,5,1199,7892,1993,1199.0,2.0,1993.0,2,2,SawyerW,1Story,Gd,Gd
128000,5,5,984,9100,1963,984.0,1.0,1963.0,1,3,Sawyer,1Story,TA,TA
144000,5,6,912,12968,1962,912.0,1.0,1962.0,1,2,Sawyer,1Story,TA,TA
135000,5,8,864,8100,1961,864.0,1.0,1962.0,1,3,Sawyer,1Story,Gd,TA
115000,5,5,890,8450,1968,890.0,1.0,1970.0,1,3,Sawyer,1Story,TA,TA
119916,5,5,864,6360,1963,864.0,1.0,1963.0,1,3,Sawyer,1Story,TA,TA
142000,6,8,912,6768,1961,912.0,1.0,1962.0,1,3,Sawyer,1Story,Gd,TA
192000,6,5,1430,19508,1974,1430.0,2.0,1974.0,2,3,Veenker,1Story,TA,TA
140000,5,4,1641,10759,1972,1001.0,2.0,1972.0,2,4,Sawyer,1.5Fin,TA,TA
290000,6,5,2683,9205,1990,930.0,2.0,1990.0,2,4,NoRidge,2Story,Gd,Gd
372500,9,5,2786,11025,1993,1848.0,2.0,1993.0,2,4,NoRidge,1.5Fin,Gd,Gd
196000,7,5,1391,4282,2004,1391.0,2.0,2004.0,2,2,Somerst,1Story,Gd,Gd
171900,7,5,1250,4017,2006,625.0,2.0,2006.0,2,2,Somerst,2Story,Gd,Gd
178000,7,5,1245,3435,2004,1235.0,2.0,2004.0,2,1,Somerst,1Story,Gd,Gd
165000,6,5,1200,3180,2005,600.0,2.0,2005.0,2,2,Somerst,2Story,Gd,Gd
146000,7,5,1392,3180,2007,689.0,2.0,2007.0,2,2,Somerst,2Story,Gd,Gd
146000,7,5,1392,3604,2007,689.0,2.0,2007.0,2,2,Somerst,2Story,Gd,Gd
179400,7,5,1501,2280,1999,744.0,2.0,1999.0,2,3,Somerst,2Story,TA,TA
172900,6,5,1549,2280,1999,744.0,2.0,1999.0,2,3,Somerst,2Story,TA,TA
300000,9,5,1638,4765,2000,1614.0,2.0,2000.0,2,2,Somerst,1Story,Ex,Gd
285000,9,5,1310,4538,2001,1310.0,2.0,2001.0,1,1,Somerst,1Story,Gd,Gd
290000,9,5,1419,4385,2001,1419.0,2.0,2001.0,1,2,Somerst,1Story,Ex,Gd
305000,9,5,1557,4109,1999,1557.0,2.0,1999.0,2,2,Somerst,1Story,Ex,Gd
328900,9,5,1709,5119,1999,1698.0,2.0,1999.0,2,2,Somerst,1Story,Gd,Gd
160000,7,5,1252,2160,1999,600.0,2.0,1999.0,2,2,Somerst,2Story,Gd,Gd
170000,7,5,1404,2160,1999,672.0,2.0,1999.0,2,3,Somerst,SLvl,Gd,Gd
223000,7,5,1789,10646,2001,858.0,2.0,2001.0,2,3,Somerst,2Story,TA,TA
170000,8,5,1586,2645,1999,960.0,2.0,1999.0,2,3,Somerst,2Story,Gd,Gd
200000,8,5,1607,2645,1999,960.0,2.0,2000.0,2,3,Somerst,2Story,Gd,Gd
345000,10,5,2393,3951,1998,970.0,2.0,1998.0,2,2,Somerst,2Story,Ex,Ex
245500,8,5,1288,14963,1996,1260.0,2.0,1996.0,1,1,Veenker,1Story,Ex,Gd
217500,8,5,1239,11064,1995,1230.0,2.0,1995.0,1,1,Veenker,1Story,Gd,Gd
324000,8,5,1719,10846,1993,1719.0,2.0,1993.0,1,1,Veenker,1Story,Gd,Gd
162500,6,6,1232,11120,1984,1232.0,2.0,1984.0,2,3,Veenker,1Story,TA,TA
150000,9,3,2944,24572,1977,994.0,3.0,1977.0,2,3,Veenker,2Story,Gd,Gd
290000,8,9,1671,16280,1976,1426.0,2.0,1976.0,3,3,Veenker,1Story,Ex,Ex
205000,7,5,1812,7500,2002,952.0,2.0,2002.0,2,3,Somerst,2Story,TA,Gd
174000,7,6,1682,10400,1970,1304.0,2.0,1970.0,2,3,NWAmes,1Story,TA,TA
183000,6,6,1427,11104,1969,1427.0,2.0,1969.0,2,4,NWAmes,SLvl,TA,TA
150000,6,5,1740,11050,1968,1740.0,2.0,1968.0,1,4,NWAmes,1Story,TA,TA
145000,6,7,1258,11040,1971,1258.0,2.0,1971.0,2,3,NWAmes,1Story,Gd,Gd
215000,7,7,1620,15387,1967,1620.0,2.0,1967.0,2,4,NWAmes,1Story,Gd,TA
140500,5,6,1625,9750,1965,1625.0,2.0,1965.0,2,4,NWAmes,1Story,TA,TA
240000,6,7,2614,10800,1974,1522.0,2.0,1974.0,2,4,NWAmes,2Story,TA,TA
141000,5,6,1464,8814,1968,732.0,2.0,1968.0,1,4,NAmes,2Story,TA,TA
147000,5,8,912,8872,1965,912.0,2.0,1992.0,1,2,NAmes,1Story,Gd,TA
135000,5,7,925,8125,1965,912.0,2.0,1978.0,1,3,NAmes,1Story,TA,Gd
145000,5,5,1728,11072,1965,1728.0,2.0,1987.0,2,6,NAmes,1Story,TA,TA
142600,5,5,1728,13101,1965,1728.0,2.0,1987.0,2,6,NAmes,1Story,TA,TA
135000,5,5,1656,9246,1973,1656.0,2.0,1973.0,2,4,NWAmes,1Story,TA,TA
170000,7,6,1670,13355,1971,825.0,2.0,1971.0,1,4,NWAmes,2Story,TA,TA
299800,8,9,2715,8963,1976,1142.0,2.0,1994.0,3,4,NWAmes,2Story,Gd,Ex
185000,6,6,1876,9120,1974,901.0,2.0,1974.0,2,4,NWAmes,2Story,Gd,Gd
173000,6,8,1632,9130,1966,800.0,2.0,1966.0,1,4,NWAmes,2Story,Gd,TA
178400,7,9,999,12122,1961,944.0,2.0,1961.0,1,3,NAmes,SFoyer,Ex,Ex
176000,7,5,1978,9900,1968,832.0,2.0,1968.0,2,4,NWAmes,2Story,TA,TA
98000,5,5,1014,7785,1956,0.0,1.0,1956.0,1,2,NAmes,1Story,TA,TA
109008,4,6,907,8593,1957,907.0,1.0,1964.0,1,3,NAmes,1Story,TA,TA
135750,4,7,952,8475,1956,952.0,1.0,1956.0,1,2,NAmes,1Story,TA,TA
155000,5,6,1128,8700,1963,1120.0,2.0,1963.0,2,3,NAmes,1Story,TA,TA
180500,6,5,1425,10175,1964,1425.0,2.0,1964.0,2,3,NAmes,1Story,TA,TA
174900,6,7,1165,9020,1966,1127.0,2.0,1966.0,1,3,NAmes,SLvl,TA,TA
140000,6,6,1136,9200,1965,1136.0,1.0,1965.0,1,3,NAmes,1Story,TA,TA
145000,6,7,1092,8250,1964,1092.0,2.0,1964.0,1,3,NAmes,1Story,TA,TA
179900,5,8,1265,9350,1965,1219.0,2.0,1965.0,2,3,NAmes,SLvl,Gd,TA
168500,6,5,1350,9020,1964,1248.0,2.0,1964.0,1,3,NAmes,SLvl,TA,TA
140000,5,5,1114,9900,1961,1114.0,2.0,1961.0,1,3,NAmes,1Story,TA,TA
145500,5,7,1053,10007,1959,1053.0,1.0,1959.0,1,3,NAmes,1Story,Gd,Gd
142000,6,6,1252,10721,1959,1252.0,2.0,1960.0,1,3,NAmes,1Story,Gd,Gd
141000,4,5,1100,12493,1960,1100.0,1.0,1960.0,1,3,NAmes,1Story,TA,TA
153000,5,7,1118,11332,1960,1118.0,1.0,1960.0,1,3,NAmes,1Story,Gd,TA
72500,3,6,720,6627,1949,0.0,1.0,1955.0,1,2,BrkSide,1Story,TA,TA
52000,3,6,729,4130,1935,270.0,0.0,,1,2,BrkSide,1Story,TA,Gd
118000,5,6,1077,7420,1939,991.0,1.0,1939.0,1,2,BrkSide,1.5Unf,TA,TA
87000,4,7,906,4882,1937,348.0,1.0,1937.0,1,2,BrkSide,2Story,TA,TA
141500,5,6,1496,9600,1960,1296.0,2.0,1960.0,2,3,NAmes,1Story,Gd,Fa
119000,6,5,1252,9600,1950,1032.0,1.0,1950.0,1,3,NAmes,1.5Fin,TA,TA
141500,5,8,1337,9600,1950,572.0,1.0,1950.0,1,3,NAmes,1Story,Gd,TA
165500,6,6,1661,9600,1955,992.0,1.0,1955.0,1,3,NAmes,SLvl,Gd,TA
112900,5,5,1036,7584,1953,1036.0,1.0,1953.0,1,3,NAmes,1Story,TA,TA
201800,7,6,1820,13700,1965,864.0,2.0,1965.0,1,4,NAmes,2Story,Gd,TA
163000,6,5,1362,10197,1961,1362.0,2.0,1961.0,1,3,NAmes,1Story,TA,TA
139950,5,6,1144,7875,1961,1144.0,2.0,1961.0,1,3,NAmes,1Story,TA,TA
174000,6,9,1537,8400,1962,1319.0,2.0,1962.0,1,3,NAmes,1Story,Gd,Gd
165000,6,5,1431,9150,1962,1099.0,1.0,1962.0,1,3,NAmes,SLvl,TA,TA
227000,6,7,1988,14670,1966,1104.0,2.0,1966.0,2,4,NAmes,2Story,Gd,Gd
135000,5,7,1098,7390,1955,1098.0,1.0,1955.0,1,3,NAmes,1Story,TA,TA
124000,5,5,1144,9204,1963,1144.0,1.0,1962.0,1,3,NAmes,1Story,TA,TA
140000,5,7,1283,7763,1962,931.0,2.0,1980.0,1,3,NAmes,1Story,TA,TA
136500,5,4,1176,8856,1957,1176.0,1.0,1957.0,1,3,NAmes,1Story,TA,TA
185000,5,7,1440,9840,1959,1248.0,1.0,1959.0,2,2,NAmes,1Story,Gd,TA
163000,6,6,1261,9120,1958,1261.0,2.0,1958.0,1,3,NAmes,1Story,TA,TA
166800,6,6,1570,13200,1958,1395.0,2.0,1958.0,1,3,NAmes,1Story,TA,TA
139000,6,5,1196,9000,1956,1196.0,1.0,1956.0,1,2,NAmes,1Story,TA,TA
166000,6,5,1392,11900,1957,1392.0,2.0,1957.0,1,3,NAmes,1Story,TA,TA
136000,6,7,1080,9464,1958,1080.0,1.0,1958.0,1,3,NAmes,1Story,TA,TA
133000,5,5,1104,10425,1956,1104.0,1.0,1956.0,1,3,NAmes,1Story,TA,TA
116000,5,6,882,11556,1952,720.0,1.0,1952.0,1,2,NAmes,1Story,Gd,TA
137500,5,6,1152,9373,1953,1152.0,2.0,1971.0,1,3,NAmes,1Story,TA,TA
130000,5,5,950,12774,1953,984.0,2.0,1953.0,1,2,NAmes,1Story,TA,TA
180000,6,5,1790,14250,1957,998.0,2.0,1957.0,2,3,NAmes,1Story,TA,TA
139000,5,7,952,7350,1951,952.0,2.0,1988.0,1,2,NAmes,1Story,TA,TA
110000,5,5,773,7677,1953,773.0,1.0,1953.0,1,2,NAmes,1Story,TA,TA
100000,5,3,1764,8838,1957,0.0,1.0,1957.0,2,4,NAmes,1Story,TA,TA
118500,5,5,1216,8480,1947,832.0,1.0,1947.0,1,2,NAmes,1.5Fin,TA,TA
146000,5,5,1824,12436,1957,1824.0,2.0,1958.0,2,5,NAmes,1Story,TA,TA
89900,4,6,869,10122,1948,0.0,1.0,1948.0,1,1,OldTown,1Story,TA,TA
114000,5,8,1159,7506,1925,747.0,1.0,1932.0,1,3,OldTown,1.5Fin,TA,TA
140000,5,6,1558,10930,1945,913.0,1.0,1962.0,1,3,NAmes,1.5Fin,TA,TA
86900,4,7,672,5400,1940,672.0,1.0,1997.0,1,2,OldTown,1Story,TA,Gd
139000,5,5,1436,10836,1922,892.0,4.0,1968.0,1,3,OldTown,1.5Fin,TA,TA
106250,4,7,1294,10800,1900,0.0,0.0,,2,3,OldTown,2Story,TA,TA
171000,6,6,1716,9247,1962,858.0,2.0,1962.0,1,4,NAmes,2Story,TA,TA
139000,5,6,1044,10180,1968,912.0,2.0,1990.0,1,3,NAmes,1Story,TA,TA
186000,7,7,1312,11355,1958,1312.0,2.0,1958.0,1,3,NAmes,1Story,TA,TA
157000,6,5,1253,10920,1960,1253.0,1.0,1960.0,1,2,NAmes,1Story,TA,TA
148000,6,6,1081,12929,1960,1081.0,1.0,1960.0,1,3,NAmes,1Story,TA,TA
242000,7,7,2069,27650,1960,585.0,2.0,1960.0,2,4,NAmes,1Story,Gd,TA
116000,5,7,910,8892,1953,105.0,2.0,1953.0,1,3,NAmes,1Story,Gd,Gd
94000,5,7,876,7200,1951,876.0,2.0,1972.0,1,2,NAmes,1Story,TA,TA
98300,5,5,1048,7200,1950,0.0,2.0,1950.0,1,3,NAmes,1Story,TA,TA
127000,5,5,1507,7910,1960,1075.0,1.0,1960.0,2,4,NAmes,SLvl,TA,TA
159000,5,6,1256,8000,1959,1256.0,1.0,1959.0,1,3,NAmes,1Story,Gd,TA
125900,5,5,1027,8000,1962,1027.0,1.0,1962.0,1,3,NAmes,1Story,TA,TA
155000,5,6,1269,7931,1960,1269.0,1.0,1964.0,1,3,NAmes,1Story,TA,TA
138000,6,6,1320,8064,1948,768.0,2.0,1994.0,2,3,NAmes,1.5Fin,TA,TA
112500,6,7,984,6390,1954,936.0,1.0,1954.0,1,2,NAmes,1.5Unf,TA,TA
105500,6,6,832,7227,1954,832.0,2.0,1962.0,1,2,NAmes,1.5Unf,Gd,TA
127500,6,5,1278,7200,1954,854.0,1.0,1954.0,1,4,NAmes,1.5Fin,TA,TA
130000,5,5,1800,8513,1961,1800.0,0.0,,2,6,NAmes,1Story,TA,TA
150000,5,6,1588,7200,1955,768.0,2.0,1955.0,1,3,NAmes,1.5Fin,TA,TA
109500,5,7,825,7200,1954,825.0,1.0,1954.0,1,2,NAmes,1Story,TA,TA
140000,6,5,1796,7056,1963,780.0,2.0,1963.0,1,4,NAmes,2Story,TA,TA
167900,6,6,1611,9760,1964,780.0,2.0,1964.0,1,4,NAmes,2Story,TA,TA
136870,5,5,1117,7590,1963,1117.0,1.0,1963.0,1,3,NAmes,1Story,TA,TA
143000,6,5,1133,9836,2008,192.0,1.0,2008.0,1,3,OldTown,1Story,TA,TA
73000,5,5,764,5232,1925,680.0,2.0,1965.0,1,2,OldTown,1Story,TA,TA
157500,5,8,1539,10440,1904,650.0,2.0,1983.0,2,3,OldTown,2Story,Gd,TA
122600,5,7,1323,9184,1948,780.0,2.0,1948.0,1,3,OldTown,1.5Fin,TA,TA
111000,5,5,1360,4800,1910,680.0,1.0,1910.0,1,2,OldTown,2Story,TA,TA
256000,6,7,2792,10440,1920,1510.0,2.0,1920.0,2,5,OldTown,1.5Fin,TA,Gd
64000,5,4,672,4800,1940,672.0,1.0,1950.0,1,2,OldTown,1Story,TA,TA
139500,6,7,1456,6000,1915,728.0,1.0,1915.0,1,4,OldTown,2.5Unf,Gd,Gd
118000,4,6,1594,11426,1910,828.0,0.0,,2,3,OldTown,1.5Fin,TA,TA
200000,7,5,2082,11426,2003,1362.0,2.0,2003.0,2,3,OldTown,1.5Fin,Gd,TA
119164,4,6,1656,7628,1940,801.0,2.0,1958.0,2,2,OldTown,1.5Fin,TA,TA
122250,5,5,1740,7308,1920,936.0,1.0,1920.0,1,2,OldTown,1.5Fin,Ex,Fa
120000,7,6,1027,5400,1920,931.0,0.0,,1,2,OldTown,1Story,Gd,Gd
155000,6,6,1436,10800,1940,884.0,2.0,1940.0,2,3,OldTown,1.5Fin,TA,TA
78000,5,6,899,6756,1910,481.0,1.0,1930.0,1,2,OldTown,1Story,TA,TA
95000,5,9,1080,5914,1890,684.0,0.0,,1,3,OldTown,1.5Fin,Gd,TA
115000,5,5,789,6000,1948,789.0,1.0,1948.0,1,2,OldTown,1Story,TA,TA
147000,5,7,1122,12000,1948,924.0,2.0,1948.0,1,2,OldTown,1Story,Gd,TA
140000,5,6,1499,9000,1946,904.0,3.0,1959.0,1,3,OldTown,1.5Fin,TA,TA
46500,2,5,407,7311,1946,407.0,1.0,1949.0,1,1,OldTown,1Story,TA,TA
112500,5,6,928,6000,1957,928.0,1.0,1957.0,1,3,OldTown,1Story,TA,TA
107900,4,7,901,6000,1954,901.0,1.0,1954.0,1,2,OldTown,1Story,TA,TA
65000,3,1,1588,12205,1949,448.0,0.0,,2,5,OldTown,1Story,TA,TA
295000,7,9,3493,18386,1880,1470.0,3.0,2003.0,3,3,OldTown,2.5Fin,Gd,TA
139500,5,5,1627,9142,1900,797.0,2.0,1950.0,2,4,OldTown,2Story,TA,TA
153900,5,8,1416,12665,1915,876.0,3.0,1949.0,1,4,OldTown,1.5Fin,TA,TA
132000,7,8,1450,5350,1920,624.0,1.0,1935.0,1,3,OldTown,2Story,TA,TA
98000,5,5,1344,4571,1916,624.0,3.0,1916.0,1,4,OldTown,2Story,TA,TA
114000,5,7,1017,9143,1900,346.0,1.0,1961.0,1,2,OldTown,1.5Fin,TA,TA
130000,5,5,2350,9600,1920,973.0,2.0,1930.0,2,4,OldTown,2Story,TA,TA
129500,6,5,2058,9600,1917,735.0,2.0,1950.0,1,3,OldTown,2.5Unf,TA,TA
129400,5,9,1540,6000,1905,572.0,0.0,,1,3,OldTown,2Story,Gd,Gd
161000,7,9,1378,9600,1928,689.0,2.0,1928.0,2,3,OldTown,2Story,Gd,TA
163000,6,7,1912,10800,1905,482.0,2.0,2003.0,2,3,OldTown,1.5Fin,TA,TA
128000,6,6,1484,6300,1914,742.0,0.0,,2,3,OldTown,2.5Unf,TA,TA
122000,8,5,2358,5250,1872,684.0,0.0,,2,4,OldTown,2Story,TA,TA
116900,7,7,1111,5700,1926,572.0,1.0,1982.0,1,2,OldTown,1.5Fin,TA,TA
325000,10,9,2775,13500,1893,1237.0,2.0,1988.0,3,3,OldTown,2.5Unf,Gd,Ex
55000,2,1,1086,11340,1920,723.0,2.0,1920.0,1,2,OldTown,2Story,TA,Fa
184000,7,7,2495,10800,1890,1313.0,2.0,1950.0,2,5,OldTown,2Story,TA,TA
110000,5,6,984,9750,1959,984.0,1.0,1959.0,1,2,OldTown,1Story,Fa,TA
131500,5,5,1795,12150,1954,1050.0,1.0,1954.0,2,4,OldTown,1.5Fin,TA,TA
97000,5,5,882,12702,1956,0.0,1.0,1956.0,1,2,OldTown,1Story,TA,TA
115500,4,6,1093,8516,1958,869.0,1.0,1959.0,1,2,OldTown,1Story,TA,TA
138000,5,7,1143,7111,1928,1008.0,1.0,1992.0,1,2,BrkSide,1Story,TA,Gd
108000,7,7,1668,7425,1945,672.0,1.0,1945.0,1,3,BrkSide,1.5Fin,Gd,TA
79500,5,6,935,9100,1930,742.0,1.0,1988.0,1,2,BrkSide,1Story,TA,TA
153000,5,5,1738,7010,1935,1024.0,1.0,1950.0,2,3,BrkSide,1.5Fin,TA,TA
109500,5,6,784,6130,1924,784.0,0.0,,1,2,BrkSide,1.5Unf,Gd,TA
124000,5,7,1210,5000,1941,672.0,1.0,1941.0,1,3,BrkSide,1.5Fin,Gd,TA
106900,6,9,1290,5870,1900,554.0,1.0,1926.0,1,3,BrkSide,2Story,TA,TA
164900,6,7,1672,6000,1940,981.0,1.0,1940.0,1,3,BrkSide,1.5Fin,Gd,TA
119000,5,7,949,6000,1924,949.0,2.0,1924.0,1,2,BrkSide,1Story,TA,TA
120000,6,7,1158,6000,1929,862.0,1.0,1929.0,1,3,BrkSide,1.5Fin,TA,TA
157000,6,7,1497,6000,1937,825.0,1.0,2004.0,2,3,BrkSide,1.5Fin,TA,TA
105000,6,5,1342,6000,1939,739.0,1.0,1939.0,2,2,BrkSide,1.5Fin,TA,TA
113000,6,7,1013,5000,1926,992.0,1.0,1926.0,1,3,BrkSide,1.5Unf,TA,TA
115000,5,7,1216,5520,1920,565.0,1.0,1920.0,1,3,BrkSide,1.5Fin,TA,TA
79000,4,7,896,5940,1946,,1.0,1946.0,1,2,BrkSide,1Story,TA,TA
123000,4,7,1136,6240,1929,704.0,1.0,1990.0,1,2,BrkSide,1.5Fin,TA,TA
81300,5,6,808,6120,1945,0.0,1.0,1925.0,1,1,BrkSide,1Story,TA,TA
162900,5,7,1573,6240,1930,1078.0,2.0,1930.0,2,3,BrkSide,1.5Fin,TA,TA
150000,7,5,2009,6240,1939,989.0,2.0,1939.0,2,4,BrkSide,1.5Fin,TA,TA
123500,5,5,1902,6120,1923,1100.0,2.0,1960.0,2,4,OldTown,2Story,TA,TA
129900,7,5,1774,6120,1931,952.0,2.0,1931.0,2,2,OldTown,1.5Fin,TA,TA
128000,6,8,1362,6155,1920,611.0,2.0,1920.0,2,3,BrkSide,2Story,TA,TA
68500,4,6,520,6324,1927,520.0,1.0,1920.0,1,1,BrkSide,1Story,Fa,TA
127000,5,5,1285,8635,1948,672.0,1.0,1948.0,1,2,BrkSide,1.5Fin,TA,TA
207000,6,7,1848,13053,1923,833.0,2.0,1922.0,1,4,BrkSide,1.5Fin,Gd,TA
184000,7,6,1820,9120,1925,1026.0,1.0,1925.0,2,4,BrkSide,1.5Fin,TA,TA
162500,6,4,1716,9144,1915,810.0,2.0,1970.0,2,4,BrkSide,1.5Fin,Gd,TA
145000,5,5,1505,9144,1940,883.0,1.0,1940.0,1,3,BrkSide,1.5Fin,TA,TA
130000,6,7,838,10267,1918,816.0,1.0,1961.0,1,2,BrkSide,1Story,Fa,TA
160000,6,8,1984,8094,1910,1242.0,1.0,,2,5,OldTown,2.5Unf,TA,TA
161000,8,7,1666,5100,1925,588.0,1.0,1925.0,1,3,OldTown,2Story,Gd,TA
127500,6,8,1609,4347,1910,796.0,1.0,1910.0,1,3,OldTown,1.5Fin,TA,Gd
93850,6,6,768,6291,1930,768.0,2.0,1930.0,1,1,IDOTRR,1Story,TA,Gd
136000,6,6,1536,10266,1952,768.0,1.0,1952.0,1,4,IDOTRR,2Story,TA,TA
141000,6,6,1969,6876,1938,1272.0,2.0,1938.0,2,4,IDOTRR,1.5Fin,TA,TA
120000,5,6,1308,10320,1915,880.0,2.0,1950.0,2,2,IDOTRR,1.5Fin,TA,TA
127500,6,7,1040,7200,1925,1040.0,2.0,1993.0,1,2,IDOTRR,1Story,TA,TA
127000,6,6,1236,7006,1925,768.0,1.0,1985.0,2,3,IDOTRR,1.5Fin,TA,TA
89500,6,7,1406,7920,1920,319.0,0.0,,1,3,IDOTRR,1.5Fin,Fa,TA
125000,5,7,825,8235,1955,825.0,2.0,1963.0,1,2,OldTown,1Story,TA,TA
79900,6,7,1198,5586,1920,901.0,0.0,,1,4,OldTown,1.5Fin,TA,TA
85000,5,8,759,10320,1912,451.0,2.0,1997.0,1,1,IDOTRR,1Story,TA,TA
82375,3,3,1344,10320,1915,536.0,0.0,,2,3,IDOTRR,2Story,TA,Fa
135000,6,7,1469,10320,1906,756.0,1.0,1906.0,1,3,IDOTRR,1.5Fin,TA,TA
124000,5,6,1054,9488,1947,1046.0,1.0,1947.0,1,3,Sawyer,1Story,TA,Gd
134000,5,5,1211,8250,1968,952.0,1.0,1968.0,1,3,Sawyer,1Story,TA,TA
135000,5,5,1271,21286,1948,720.0,1.0,1948.0,2,4,Sawyer,1.5Fin,TA,TA
134432,4,4,1588,17120,1959,0.0,2.0,1991.0,2,4,ClearCr,1.5Fin,TA,TA
127500,5,7,1355,10106,1940,644.0,0.0,,2,4,Edwards,1.5Fin,TA,TA
148000,5,6,1075,11235,1963,981.0,2.0,1996.0,1,3,Sawyer,SFoyer,Gd,TA
129500,5,5,1040,11200,1965,1040.0,1.0,1965.0,1,3,Sawyer,1Story,TA,TA
157500,6,5,1096,13014,1978,1008.0,2.0,1978.0,1,3,Sawyer,SLvl,TA,TA
109900,5,7,904,7162,1966,876.0,1.0,1966.0,1,3,Sawyer,1Story,TA,TA
145000,5,7,992,10265,1967,992.0,1.0,1967.0,1,3,Sawyer,1Story,Gd,TA
130000,5,7,894,9764,1967,894.0,2.0,1967.0,1,3,Sawyer,1Story,Gd,TA
153000,6,8,1034,7703,1978,450.0,2.0,1978.0,1,3,Sawyer,SFoyer,TA,TA
120000,5,5,1073,9981,1967,1073.0,1.0,1967.0,1,3,Sawyer,1Story,TA,TA
152000,5,5,1126,7400,1984,1060.0,2.0,1984.0,1,2,Sawyer,SFoyer,TA,TA
108959,4,4,1258,12900,1969,1198.0,2.0,1969.0,0,0,Sawyer,SFoyer,TA,TA
95541,5,4,1140,12900,1920,1300.0,2.0,1920.0,1,3,Sawyer,1Story,TA,TA
80000,5,3,1006,9000,1959,1006.0,0.0,,1,3,Sawyer,1Story,TA,TA
149350,5,6,1228,8544,1966,1228.0,1.0,1966.0,1,3,Sawyer,1Story,Gd,TA
144900,5,8,960,9239,1963,960.0,1.0,1963.0,1,3,Sawyer,1Story,Gd,TA
185000,6,8,1188,14175,1956,988.0,2.0,1956.0,1,1,Sawyer,1Story,TA,TA
165000,5,5,1383,13284,1954,1383.0,1.0,1954.0,1,3,Sawyer,1Story,TA,TA
235000,6,7,1252,13500,1960,1602.0,2.0,1960.0,1,1,ClearCr,1Story,TA,TA
140000,5,6,1601,13825,1958,533.0,1.0,1958.0,1,3,Sawyer,SLvl,TA,TA
108000,5,8,672,10200,1940,672.0,1.0,1940.0,1,2,Sawyer,1Story,TA,TA
145000,5,3,1721,10532,1960,988.0,2.0,1960.0,2,3,ClearCr,1Story,TA,TA
152400,5,7,1350,8375,1941,576.0,3.0,1973.0,1,2,Sawyer,1.5Fin,Gd,TA
144000,5,8,904,10200,1970,864.0,3.0,1979.0,1,3,Sawyer,SLvl,Gd,TA
173000,6,5,1291,2887,1996,1291.0,2.0,1996.0,1,2,ClearCr,1Story,Gd,TA
192000,7,5,2022,10005,1977,1160.0,2.0,1977.0,2,4,ClearCr,2Story,TA,TA
245000,7,6,1524,20270,1979,1524.0,2.0,1979.0,2,3,ClearCr,1Story,TA,TA
241500,7,7,1363,39104,1954,1385.0,2.0,1954.0,1,2,ClearCr,1Story,TA,TA
256000,4,6,1663,53227,1954,1364.0,2.0,1954.0,1,2,ClearCr,1Story,Gd,TA
177000,6,7,1357,11512,1959,1019.0,1.0,1959.0,1,2,Edwards,SLvl,Ex,TA
125600,7,5,1079,5190,1948,570.0,1.0,1948.0,1,2,Edwards,1.5Fin,TA,TA
155000,6,5,1094,10452,1953,1094.0,2.0,1953.0,1,3,Edwards,1Story,TA,TA
240000,6,8,2358,45600,1908,907.0,2.0,1908.0,3,5,ClearCr,1.5Fin,TA,TA
260000,5,7,1518,19550,1940,1580.0,0.0,,1,2,Edwards,1Story,Fa,TA
185000,6,7,1674,21780,1918,1163.0,2.0,1955.0,2,4,Edwards,1.5Fin,TA,TA
235000,6,7,2108,13728,1935,1127.0,2.0,1935.0,2,4,Edwards,2Story,Gd,TA
159900,5,6,1509,9571,1956,1509.0,1.0,1956.0,1,3,Edwards,1Story,Gd,TA
99600,5,5,864,9350,1975,864.0,0.0,,1,2,Edwards,SFoyer,TA,TA
134500,6,8,1269,9360,1962,621.0,1.0,1962.0,1,3,Edwards,2Story,TA,Gd
119000,5,8,1367,8405,1900,861.0,1.0,1978.0,1,4,Edwards,1.5Fin,TA,TA
107500,5,7,1347,7000,1910,1117.0,0.0,,1,3,Edwards,2Story,TA,TA
125000,5,5,1164,10880,1950,1164.0,1.0,1950.0,1,3,Edwards,1Story,TA,TA
79000,6,5,1096,9600,1924,572.0,0.0,,1,2,Edwards,1.5Fin,TA,TA
95000,5,6,1111,9084,1941,616.0,1.0,1941.0,1,3,Edwards,1.5Fin,TA,TA
262280,7,5,2329,11839,1990,1475.0,2.0,1990.0,2,4,SawyerW,2Story,Gd,TA
260000,6,5,2814,9771,1995,1077.0,2.0,1995.0,2,4,SawyerW,2Story,Gd,Gd
226500,7,5,1626,9938,1994,1602.0,2.0,1994.0,2,3,SawyerW,1Story,Gd,Gd
225000,7,5,2200,14171,1993,812.0,2.0,1993.0,2,4,SawyerW,2Story,Gd,Gd
229000,7,5,2037,10541,1996,672.0,2.0,1996.0,2,3,SawyerW,SLvl,Gd,Gd
177439,7,5,1356,10616,2007,628.0,2.0,2007.0,2,3,CollgCr,2Story,Gd,Gd
248500,8,5,1615,9345,2007,1615.0,3.0,2007.0,2,3,CollgCr,1Story,Gd,Gd
475000,9,5,2276,11778,2008,2271.0,3.0,2008.0,2,3,CollgCr,1Story,Ex,Gd
395039,9,5,1766,11778,2008,1751.0,3.0,2008.0,2,3,CollgCr,1Story,Ex,Ex
228000,7,5,2097,11228,1993,1080.0,3.0,1993.0,2,3,SawyerW,2Story,Gd,Gd
225000,8,5,1511,11454,1995,1401.0,3.0,1995.0,2,3,SawyerW,SLvl,Gd,Gd
195000,6,6,1643,11500,1966,1182.0,2.0,1966.0,2,2,ClearCr,1Story,TA,TA
200000,6,5,1688,12798,1997,616.0,2.0,1997.0,2,4,ClearCr,2Story,Gd,TA
155000,5,7,990,9750,1994,990.0,2.0,1997.0,1,3,CollgCr,1Story,TA,TA
144000,5,6,1099,9525,1995,1099.0,1.0,1999.0,1,3,CollgCr,1Story,Gd,TA
145000,5,5,990,9245,1994,990.0,2.0,1996.0,1,3,CollgCr,1Story,TA,TA
226001,7,5,1418,8696,1997,1418.0,2.0,1997.0,2,3,CollgCr,1Story,Gd,TA
215700,6,5,1771,13142,1997,864.0,2.0,1997.0,2,3,CollgCr,2Story,Gd,TA
207500,7,5,1652,8998,2000,782.0,2.0,2000.0,2,3,CollgCr,2Story,Gd,Gd
193000,7,5,1790,9179,1999,873.0,2.0,1999.0,2,3,CollgCr,2Story,Gd,Gd
188000,7,5,1724,8924,1998,880.0,2.0,1998.0,2,3,CollgCr,2Story,Gd,TA
191000,7,5,1479,9382,1999,1468.0,2.0,1999.0,2,3,CollgCr,1Story,Gd,Gd
221000,7,5,1494,12803,2002,1494.0,2.0,2002.0,2,3,CollgCr,1Story,Gd,Gd
231500,7,5,1792,12435,2001,963.0,2.0,2001.0,2,3,CollgCr,2Story,Gd,Gd
235000,7,5,1823,12192,2000,928.0,2.0,2000.0,2,3,CollgCr,2Story,Gd,Gd
223500,7,5,1786,11250,2001,920.0,2.0,2001.0,2,3,CollgCr,2Story,Gd,Gd
130250,5,6,938,9200,1975,938.0,1.0,1977.0,1,3,CollgCr,1Story,TA,TA
149900,5,8,985,8385,1977,985.0,1.0,1977.0,2,3,CollgCr,SLvl,TA,Gd
158000,5,6,1174,12250,1978,864.0,2.0,1978.0,1,3,CollgCr,1Story,TA,TA
147000,6,6,1026,10970,1978,940.0,2.0,1981.0,1,3,CollgCr,SLvl,TA,TA
143195,5,6,1076,9216,1975,1076.0,2.0,1985.0,1,3,CollgCr,1Story,TA,TA
163000,5,6,1558,14330,1975,864.0,2.0,1975.0,2,2,CollgCr,1Story,TA,TA
110000,5,6,924,7990,1975,924.0,1.0,1981.0,1,3,CollgCr,1Story,TA,TA
127000,5,7,864,7180,1972,864.0,1.0,1989.0,1,3,CollgCr,1Story,TA,TA
124900,5,7,780,7200,1972,780.0,1.0,1973.0,1,2,CollgCr,1Story,TA,TA
230000,8,5,1795,9742,2002,1777.0,2.0,2002.0,2,3,CollgCr,1Story,Gd,Gd
237000,8,5,2031,9473,2002,1128.0,2.0,2002.0,2,3,CollgCr,2Story,Gd,Gd
235000,7,5,1865,10316,2000,992.0,3.0,2000.0,2,3,CollgCr,2Story,Gd,Gd
230500,7,5,2161,10400,2001,1257.0,2.0,2001.0,2,3,CollgCr,2Story,Gd,Gd
230000,8,5,1852,9066,1999,1004.0,3.0,1999.0,2,3,CollgCr,2Story,Gd,Gd
222500,7,5,2031,11404,1998,1153.0,2.0,1998.0,2,3,CollgCr,2Story,Gd,Gd
287000,8,5,2263,9240,2001,1055.0,2.0,2001.0,2,3,CollgCr,2Story,Gd,Gd
274000,9,5,1947,9720,2001,1357.0,3.0,2001.0,2,3,CollgCr,2Story,Gd,Gd
300000,8,5,1786,14860,2002,1778.0,3.0,2002.0,2,3,CollgCr,1Story,Gd,Gd
255900,8,5,2290,11250,2002,1128.0,2.0,2002.0,2,4,CollgCr,2Story,Gd,Gd
224900,7,5,1768,8158,2003,884.0,2.0,2003.0,2,3,CollgCr,2Story,Gd,Gd
240000,7,5,2327,10905,2003,1129.0,2.0,2003.0,2,4,CollgCr,2Story,Gd,Gd
183000,7,5,1640,7226,2003,798.0,2.0,2003.0,2,3,CollgCr,2Story,Gd,Gd
207000,8,5,1764,11690,1999,850.0,2.0,1999.0,2,3,CollgCr,2Story,Gd,Gd
210000,7,5,1908,8750,1994,915.0,2.0,1994.0,2,4,CollgCr,2Story,Gd,Gd
136500,6,5,848,4435,2003,848.0,2.0,2003.0,1,1,CollgCr,1Story,Gd,Gd
145000,6,5,848,4426,2004,848.0,2.0,2004.0,1,1,CollgCr,1Story,Gd,Gd
208900,6,5,1493,13125,1997,1478.0,2.0,1997.0,2,3,CollgCr,1Story,Gd,TA
185000,6,5,1838,10126,1997,1838.0,3.0,1998.0,2,2,CollgCr,SFoyer,TA,TA
214000,7,5,1536,9135,2002,1536.0,2.0,2002.0,2,3,CollgCr,1Story,Gd,Gd
208500,7,5,1710,8450,2003,856.0,2.0,2003.0,2,3,CollgCr,2Story,Gd,Gd
186500,7,5,1445,9750,2004,1445.0,2.0,2004.0,2,3,CollgCr,1Story,Gd,Gd
210000,7,5,1436,8450,2004,1436.0,2.0,2004.0,2,3,CollgCr,1Story,Gd,Gd
185900,7,5,1582,8320,2004,770.0,2.0,2004.0,2,3,CollgCr,2Story,Gd,Gd
179900,8,5,1234,11049,2007,1234.0,2.0,2007.0,2,3,CollgCr,1Story,Gd,Gd
218836,7,6,1564,11058,2007,1564.0,3.0,2007.0,2,3,CollgCr,1Story,Gd,Gd
193000,7,5,1361,9627,2007,1351.0,2.0,2007.0,2,3,CollgCr,1Story,Gd,Gd
189000,7,5,1456,8199,2005,728.0,2.0,2005.0,2,3,CollgCr,2Story,Gd,Gd
149300,6,5,848,4426,2004,848.0,2.0,2004.0,1,1,CollgCr,1Story,Gd,Gd
141000,6,5,848,4426,2004,848.0,2.0,2004.0,1,1,CollgCr,1Story,Gd,Gd
149000,6,5,848,4438,2004,848.0,2.0,2004.0,1,1,CollgCr,1Story,Gd,Gd
144500,6,5,848,4438,2004,848.0,2.0,2004.0,1,1,CollgCr,1Story,Gd,Gd
85000,5,7,796,8777,1910,796.0,0.0,,1,2,Edwards,1Story,TA,TA
145900,5,7,2200,8777,1900,1272.0,0.0,,2,4,Edwards,1.5Fin,TA,TA
123000,5,5,1092,9825,1966,1092.0,1.0,1966.0,1,3,Edwards,1Story,TA,TA
147500,5,6,1256,9937,1965,1256.0,1.0,1965.0,1,3,Edwards,1Story,TA,Gd
165000,5,5,1033,12102,1976,456.0,2.0,1976.0,1,3,Edwards,SFoyer,TA,TA
135000,6,6,1127,6500,1976,1127.0,2.0,1991.0,1,3,Edwards,1Story,TA,TA
108000,5,6,996,13907,1940,996.0,0.0,,1,3,Edwards,1Story,TA,TA
137500,4,5,1181,10012,1972,1138.0,2.0,1974.0,2,3,Edwards,SFoyer,TA,TA
165400,7,5,1656,6931,2003,746.0,2.0,2003.0,2,3,Edwards,2Story,Gd,Gd
147000,6,6,1117,9638,1977,1029.0,2.0,1977.0,1,3,Edwards,SLvl,TA,TA
160500,6,7,1398,7200,1976,684.0,2.0,1976.0,1,3,Edwards,2Story,TA,TA
176000,4,5,1132,7024,2005,1132.0,2.0,2005.0,1,2,Edwards,1Story,Gd,TA
284700,5,7,3820,47007,1959,0.0,2.0,1959.0,3,5,Edwards,1Story,Ex,TA
160000,10,5,5642,63887,2008,6110.0,2.0,2008.0,2,3,Edwards,2Story,Ex,Ex
148000,6,5,1072,3675,2005,547.0,2.0,2005.0,1,2,Edwards,SLvl,TA,TA
82000,4,5,1152,6040,1955,0.0,0.0,,2,2,Edwards,1Story,Fa,TA
82000,4,5,1152,6012,1955,0.0,0.0,,2,2,Edwards,1Story,TA,TA
118000,4,4,1440,12108,1955,1440.0,0.0,,2,4,Edwards,1Story,Fa,TA
82500,4,5,1152,6845,1955,0.0,0.0,,2,2,Edwards,1Story,TA,TA
91900,4,5,784,6931,1955,784.0,0.0,,1,2,Edwards,1Story,TA,TA
120000,5,7,1053,12180,1938,585.0,0.0,,1,2,Edwards,1.5Fin,Ex,TA
96000,5,8,1137,8050,1947,0.0,0.0,,1,4,Edwards,1.5Fin,TA,TA
99000,4,5,930,9520,1953,911.0,1.0,1953.0,1,2,Edwards,1Story,TA,TA
130500,5,6,1200,11767,1946,768.0,1.0,1946.0,1,3,Edwards,1.5Fin,TA,TA
135000,4,6,1470,8172,1954,941.0,1.0,1958.0,2,4,Edwards,1.5Fin,TA,TA
135500,5,7,1393,16466,1955,816.0,1.0,1955.0,1,3,Edwards,1.5Fin,TA,TA
100000,4,6,1204,7692,1954,416.0,1.0,1954.0,1,3,Edwards,SLvl,TA,TA
108000,4,7,1292,5142,1923,949.0,1.0,1923.0,1,3,Edwards,1.5Fin,Gd,TA
98000,5,6,864,5604,1925,864.0,0.0,,1,2,Edwards,1Story,TA,TA
67000,3,3,864,8248,1914,864.0,0.0,,1,2,Edwards,1Story,TA,TA
135900,5,6,1716,5687,1912,780.0,0.0,,2,6,SWISU,2Story,Fa,TA
140000,6,8,1482,12155,1925,672.0,1.0,1934.0,2,4,SWISU,2Story,Fa,TA
179500,5,8,2192,8400,1939,720.0,1.0,1939.0,2,4,SWISU,2.5Fin,Gd,TA
136500,6,5,1694,8400,1925,1181.0,2.0,1925.0,2,4,SWISU,1.5Fin,TA,TA
168000,7,8,1424,7290,1921,1228.0,1.0,1921.0,2,2,SWISU,1Story,TA,TA
130000,5,6,1964,8525,1911,940.0,0.0,,1,4,SWISU,2Story,TA,TA
189000,5,6,2601,9842,1921,612.0,2.0,1998.0,3,4,SWISU,2Story,TA,TA
161900,6,7,1920,7804,1930,960.0,2.0,1930.0,2,4,SWISU,2.5Unf,TA,TA
145000,6,6,1316,8969,1926,644.0,1.0,2001.0,1,2,Crawfor,2Story,TA,TA
191000,6,7,2555,11526,1922,588.0,2.0,1993.0,2,3,Crawfor,2.5Fin,TA,TA
177000,6,7,1680,15576,1915,840.0,1.0,1960.0,2,4,Crawfor,2Story,TA,TA
147500,6,6,1264,15564,1914,676.0,2.0,1994.0,1,3,Crawfor,1.5Fin,TA,TA
91000,6,5,790,6292,1930,768.0,1.0,1925.0,1,2,SWISU,1Story,TA,TA
231000,8,9,1512,7609,1925,798.0,1.0,1925.0,2,3,Crawfor,2Story,Gd,Gd
115000,6,5,1639,10480,1936,1064.0,1.0,1936.0,1,3,SWISU,1.5Fin,TA,TA
138000,6,3,1603,9650,1923,784.0,2.0,1980.0,1,4,Crawfor,2Story,TA,TA
149000,7,6,1502,7200,1931,776.0,1.0,1931.0,1,3,Crawfor,2Story,TA,TA
188700,6,7,1660,11988,1934,715.0,1.0,1939.0,1,3,Crawfor,2Story,TA,TA
198000,5,6,1938,11700,1937,942.0,1.0,1937.0,2,4,Crawfor,1.5Fin,Gd,TA
110000,5,4,1374,9260,1938,884.0,1.0,1938.0,1,3,Crawfor,1.5Fin,TA,TA
104000,6,5,1091,7801,1951,1091.0,1.0,1951.0,1,2,Crawfor,1Story,TA,TA
257076,8,6,1873,9670,1935,608.0,2.0,1935.0,1,4,Crawfor,2Story,TA,TA
381000,8,9,3447,14100,1935,728.0,3.0,1982.0,3,4,Crawfor,1.5Fin,Gd,TA
311500,7,9,1954,15660,1939,798.0,2.0,1939.0,1,3,Crawfor,1.5Fin,Gd,Gd
263400,7,9,2161,12392,1950,832.0,2.0,1994.0,2,3,Crawfor,1.5Fin,Gd,TA
236500,5,5,1898,26073,1956,1898.0,2.0,1956.0,2,3,Crawfor,1Story,TA,TA
224000,6,7,1640,14778,1954,1296.0,2.0,1993.0,1,3,Crawfor,1Story,Gd,Gd
116500,6,6,1032,1879,1980,516.0,2.0,1980.0,1,2,Blueste,2Story,TA,TA
151000,6,6,1556,1950,1980,716.0,2.0,1980.0,2,3,Blueste,2Story,TA,TA
126000,6,8,919,7000,1926,894.0,1.0,1926.0,1,2,IDOTRR,1Story,TA,TA
120000,6,8,1090,6000,1940,720.0,1.0,1940.0,1,3,IDOTRR,1.5Fin,TA,TA
55000,4,4,796,3636,1922,796.0,0.0,,1,2,IDOTRR,1Story,TA,TA
120500,6,8,816,5890,1930,816.0,1.0,2002.0,1,2,IDOTRR,1Story,TA,Gd
120500,5,6,778,6900,1940,740.0,1.0,1966.0,1,2,IDOTRR,1Story,TA,TA
119000,5,7,1200,8155,1930,780.0,0.0,,1,4,IDOTRR,1.5Fin,TA,TA
126000,5,5,1656,6000,1967,624.0,1.0,1967.0,1,3,IDOTRR,SLvl,TA,Fa
99500,5,7,912,7392,1930,520.0,1.0,1934.0,1,2,IDOTRR,1Story,TA,TA
165500,5,5,1955,9000,1958,1151.0,1.0,1958.0,2,4,IDOTRR,1.5Fin,TA,TA
13100,1,5,733,14584,1952,0.0,2.0,1952.0,1,2,IDOTRR,1Story,Fa,Fa
89000,4,7,1361,5280,1895,173.0,1.0,1895.0,1,2,IDOTRR,2Story,TA,TA
40000,4,4,1317,8500,1920,649.0,1.0,1920.0,1,3,IDOTRR,2Story,TA,TA
80900,4,7,1049,5150,1910,356.0,1.0,1910.0,1,2,IDOTRR,1.5Fin,TA,TA
81000,3,4,894,18000,1935,894.0,3.0,1994.0,1,2,IDOTRR,1Story,TA,Fa
65000,4,6,864,9000,1920,592.0,1.0,1920.0,1,3,IDOTRR,2Story,Fa,TA
392500,8,5,1652,5587,2008,1600.0,2.0,2008.0,2,2,Crawfor,1Story,Gd,Ex
294464,8,5,1648,3843,2007,1596.0,2.0,2007.0,2,2,Crawfor,1Story,Ex,Ex
250000,7,5,1646,3811,2004,1594.0,2.0,2004.0,2,2,Crawfor,1Story,Ex,Gd
275000,8,5,1646,3842,2004,1594.0,2.0,2004.0,2,2,Crawfor,1Story,Gd,Gd
300000,7,5,2032,23730,1996,1840.0,3.0,1996.0,3,3,Mitchel,1Story,Gd,Gd
271000,8,5,1689,13265,2002,1568.0,3.0,2002.0,2,3,Mitchel,1Story,Gd,Gd
213000,7,5,1820,11050,1996,910.0,3.0,1996.0,2,3,Mitchel,2Story,Gd,TA
171000,6,6,1118,9880,1977,1096.0,1.0,1977.0,1,3,Mitchel,SLvl,TA,TA
171500,6,6,1279,10125,1977,1196.0,2.0,1980.0,2,3,Mitchel,1Story,TA,TA
100000,5,4,1872,10260,1976,0.0,2.0,1976.0,2,4,Mitchel,2Story,TA,TA
228500,4,5,1689,9990,1991,1680.0,2.0,1991.0,2,3,Mitchel,1Story,TA,TA
228950,5,6,1786,164660,1965,1499.0,2.0,1965.0,2,3,Timber,1.5Fin,TA,TA
241500,7,6,1501,4084,1986,1277.0,2.0,1986.0,2,2,Timber,1Story,Gd,Gd
287000,8,6,2898,15498,1976,1565.0,2.0,1976.0,2,2,Timber,1Story,Gd,Gd
294000,8,5,1537,11563,2006,1518.0,3.0,2007.0,2,3,Timber,1Story,Gd,Gd
293077,8,5,1646,9520,2007,1638.0,3.0,2008.0,2,3,Timber,1Story,Gd,Gd
264966,8,5,1780,12852,2007,920.0,2.0,2007.0,2,3,Timber,2Story,Gd,Gd
172500,5,5,1442,9802,2006,352.0,2.0,2007.0,2,3,Timber,SLvl,TA,TA
167500,5,5,1394,9735,2006,384.0,2.0,2007.0,2,3,Timber,SLvl,Gd,TA
218689,7,5,1612,12018,2008,796.0,3.0,2008.0,2,3,Timber,2Story,Gd,Gd
150000,6,5,1495,12890,1989,1495.0,2.0,1989.0,2,3,Timber,1Story,TA,TA
184000,6,5,1651,12416,1986,1606.0,2.0,1986.0,2,3,Timber,1Story,TA,TA
180000,6,5,1256,18265,1986,1256.0,2.0,1986.0,2,3,Timber,1Story,Gd,Gd
175000,6,5,1509,10200,1988,1461.0,2.0,1988.0,2,3,Timber,SLvl,Gd,Gd
232500,8,5,1440,11202,2003,1432.0,2.0,2003.0,2,3,Timber,1Story,Gd,Gd
195000,6,5,1675,7915,1999,1666.0,2.0,1999.0,2,3,Timber,1Story,Gd,Gd
305000,8,5,2262,12244,2003,1482.0,3.0,2003.0,2,4,Timber,2Story,Gd,Gd
298751,8,5,1728,11449,2007,1884.0,2.0,2007.0,2,3,Timber,1Story,Gd,Gd
370000,8,5,1964,11447,2005,1964.0,3.0,2005.0,2,3,Timber,1Story,Gd,Gd
209200,7,5,1344,8940,1997,1344.0,4.0,1997.0,2,2,Mitchel,SFoyer,TA,TA
206300,7,5,1344,7060,1997,1344.0,4.0,1997.0,2,2,Mitchel,SFoyer,TA,TA
146000,5,5,1092,9278,2007,1092.0,0.0,,1,2,Mitchel,1Story,TA,TA
160500,6,5,1189,4500,1997,1189.0,2.0,1997.0,2,2,Mitchel,1Story,TA,TA
173000,4,5,1200,14137,1964,1200.0,3.0,1964.0,1,3,Mitchel,SFoyer,TA,TA
124000,5,6,1040,4224,1975,1040.0,2.0,1975.0,1,3,MeadowV,1Story,TA,TA
115000,5,6,1304,2665,1976,264.0,1.0,1976.0,1,3,MeadowV,2Story,TA,TA
129500,5,7,1475,2665,1976,550.0,1.0,1976.0,2,4,MeadowV,2Story,TA,TA
105000,4,7,988,1974,1973,526.0,1.0,1973.0,1,2,MeadowV,SFoyer,TA,TA
94900,4,6,988,1596,1973,462.0,1.0,1973.0,1,1,MeadowV,SLvl,TA,TA
152500,5,6,1160,17979,1968,1113.0,1.0,1968.0,1,3,Mitchel,1Story,Gd,TA
98000,6,9,1092,1477,1970,546.0,0.0,,2,3,MeadowV,2Story,TA,TA
81000,4,7,630,1890,1972,630.0,0.0,,1,1,MeadowV,SFoyer,TA,TA
113000,5,5,988,21750,1954,988.0,2.0,1954.0,1,2,Mitchel,1Story,TA,TA
128500,5,7,816,6490,1983,816.0,1.0,1983.0,1,2,Mitchel,1Story,TA,TA
119500,5,5,923,6951,1984,876.0,1.0,1984.0,1,3,Mitchel,1Story,TA,TA
130500,5,9,816,6600,1982,816.0,1.0,1982.0,1,3,Mitchel,1Story,Gd,Gd
138000,5,8,816,6600,1982,816.0,2.0,1985.0,1,2,Mitchel,1Story,TA,TA
134500,5,6,845,6600,1982,845.0,1.0,1982.0,1,3,Mitchel,1Story,Gd,TA
160000,6,7,1750,12508,1940,983.0,1.0,1989.0,2,4,Mitchel,1.5Fin,TA,TA
137500,5,6,889,12395,1984,864.0,2.0,1984.0,1,3,Mitchel,1Story,TA,TA
172000,5,4,1968,11075,1969,784.0,2.0,1969.0,2,4,Mitchel,2Story,TA,TA
103000,5,1,1836,56600,1900,686.0,1.0,1900.0,2,4,IDOTRR,2.5Unf,TA,TA
167300,6,6,1587,10667,1971,1587.0,2.0,1971.0,2,3,NAmes,1Story,TA,TA
167000,7,5,1277,10628,1970,1277.0,2.0,1970.0,1,2,NAmes,1Story,TA,TA
244000,7,6,2223,13651,1973,2223.0,2.0,1973.0,2,3,NAmes,1Story,TA,TA
268000,8,6,2217,15865,1970,2217.0,2.0,1970.0,2,4,NAmes,1Story,Gd,Gd
225000,7,5,1733,12394,2003,847.0,2.0,2003.0,2,3,Gilbert,2Story,Gd,Gd
168000,6,5,1572,10364,1995,806.0,2.0,1995.0,2,3,Gilbert,2Story,TA,TA
177000,6,6,1470,13869,1997,794.0,2.0,1997.0,2,3,Gilbert,2Story,TA,TA
169000,6,5,1600,8773,1997,916.0,2.0,1997.0,2,3,Gilbert,2Story,TA,TA
161500,6,5,1384,8872,1997,384.0,2.0,1997.0,2,3,Gilbert,SLvl,TA,TA
251000,8,5,1652,5330,2000,1494.0,2.0,2000.0,2,2,StoneBr,1Story,Ex,Gd
160000,6,5,1694,10147,1994,392.0,2.0,1994.0,2,3,Gilbert,SLvl,TA,TA
180000,6,5,1714,8637,1999,923.0,2.0,2000.0,2,3,Gilbert,2Story,TA,TA
178750,7,5,1553,7875,1996,691.0,2.0,1996.0,2,3,Gilbert,2Story,Gd,Gd
176000,7,5,1253,7875,1995,1237.0,2.0,1995.0,2,3,Gilbert,1Story,TA,TA
204000,6,5,2299,7500,1999,938.0,2.0,1999.0,3,5,Gilbert,2Story,TA,TA
160000,7,5,1187,9556,1992,1168.0,2.0,1992.0,2,3,Gilbert,1Story,Gd,TA
160000,7,5,1472,10784,1991,384.0,2.0,1991.0,2,3,Gilbert,SLvl,Gd,Gd
163900,7,5,1482,9125,1992,384.0,2.0,1992.0,2,3,Gilbert,SLvl,Gd,TA
168000,6,5,1642,7655,1993,903.0,2.0,1993.0,2,3,Gilbert,2Story,TA,TA
154204,6,6,1128,18160,1964,1302.0,2.0,1964.0,1,3,Gilbert,1Story,TA,TA
170000,8,5,1088,3696,1986,1074.0,2.0,1987.0,1,2,StoneBr,1Story,Gd,Gd
207500,7,5,2090,5062,1984,1190.0,2.0,1984.0,2,3,StoneBr,2Story,Gd,Gd
182000,8,5,1179,4740,1988,1166.0,2.0,1988.0,2,2,StoneBr,1Story,TA,Gd
212000,8,5,1321,5118,1990,1312.0,2.0,1990.0,1,1,StoneBr,1Story,Gd,Gd
377426,9,5,1922,14157,2005,1922.0,3.0,2005.0,2,3,StoneBr,1Story,Gd,Gd
349265,8,5,2541,12328,2005,1149.0,3.0,2005.0,3,4,StoneBr,2Story,Ex,Gd
591587,9,5,2338,51974,2006,2660.0,3.0,2005.0,2,4,StoneBr,1Story,Gd,Ex
155000,5,5,1424,41600,1969,1100.0,3.0,1969.0,1,3,Gilbert,1Story,TA,TA
319900,9,5,1612,8035,2006,1612.0,2.0,2006.0,2,2,StoneBr,1Story,Ex,Gd
392000,8,6,1419,8089,2007,1419.0,2.0,2007.0,2,2,StoneBr,1Story,Gd,Gd
441929,8,5,2234,14082,2006,2220.0,2.0,2006.0,1,1,StoneBr,1Story,Gd,Gd
455000,10,5,2042,13870,2006,1742.0,3.0,2007.0,2,3,StoneBr,1Story,Ex,Ex
182900,6,7,1440,12546,1981,1440.0,2.0,1981.0,2,3,NWAmes,1Story,Gd,Gd
174000,6,5,1284,10960,1984,1284.0,2.0,1984.0,2,3,NWAmes,1Story,TA,TA
178000,6,7,1868,12090,1984,585.0,2.0,1984.0,3,3,NWAmes,SLvl,TA,TA
176000,7,7,1479,12090,1981,725.0,2.0,1981.0,2,3,NWAmes,2Story,Gd,Gd
213000,7,6,1664,12299,1978,1529.0,2.0,1978.0,2,3,NWAmes,1Story,Gd,TA
192000,7,5,1930,11339,1979,780.0,2.0,1979.0,2,4,NWAmes,2Story,Gd,TA
190000,7,6,1969,11952,1977,808.0,2.0,1977.0,2,3,NWAmes,2Story,TA,TA
195000,6,6,2030,12046,1976,848.0,2.0,1976.0,2,4,NWAmes,2Story,Gd,TA
148000,6,6,1032,10395,1978,1032.0,2.0,1978.0,2,3,NWAmes,SLvl,TA,TA
151500,6,6,1177,11850,1984,1153.0,2.0,1984.0,2,3,NWAmes,1Story,Gd,TA
197000,7,6,1725,11584,1979,539.0,2.0,1979.0,2,3,NWAmes,SLvl,TA,TA
192350,6,5,1353,10400,1979,1259.0,2.0,1979.0,2,2,NWAmes,1Story,TA,TA
152000,5,5,1620,10793,1969,780.0,2.0,1969.0,2,4,NWAmes,2Story,TA,TA
170000,6,5,1220,13001,1971,1625.0,2.0,1971.0,2,2,NWAmes,1Story,TA,TA
175000,5,6,1484,12243,1971,1484.0,2.0,1971.0,2,3,NWAmes,1Story,TA,TA
175000,6,6,1743,11700,1968,702.0,2.0,1968.0,1,3,NWAmes,2Story,TA,Gd
197900,7,7,1935,12384,1976,793.0,2.0,1976.0,2,3,NWAmes,2Story,TA,TA
174000,7,6,1324,8991,1976,1228.0,2.0,1976.0,2,3,NWAmes,SLvl,Gd,TA
178900,6,6,1877,8000,1974,1084.0,2.0,1974.0,2,4,NWAmes,2Story,TA,TA
139000,5,7,1109,10500,1971,372.0,1.0,1971.0,1,3,NAmes,SLvl,TA,TA
143250,6,5,981,10530,1971,981.0,2.0,1979.0,1,3,NAmes,1Story,TA,TA
184000,7,9,1479,7472,1972,725.0,2.0,1972.0,1,4,NAmes,2Story,Gd,TA
155000,5,6,1422,9457,1970,925.0,2.0,1988.0,1,3,NAmes,1Story,TA,TA
133000,5,5,914,7920,1970,914.0,1.0,1970.0,1,3,NAmes,1Story,Ex,TA
119500,5,5,950,9758,1971,950.0,1.0,1981.0,1,3,NAmes,1Story,TA,TA
123000,4,5,872,8294,1971,858.0,4.0,1974.0,1,3,NAmes,1Story,TA,TA
110000,4,6,858,7340,1971,858.0,1.0,1979.0,1,2,NAmes,1Story,TA,TA
128000,4,7,914,17199,1961,914.0,1.0,1961.0,1,2,NAmes,1Story,TA,TA
120500,4,6,864,9000,1971,864.0,2.0,1974.0,1,3,NAmes,1Story,TA,TA
133000,7,5,767,4058,1998,723.0,1.0,1998.0,1,1,NAmes,SFoyer,TA,TA
155000,6,5,1337,4113,2001,1337.0,2.0,2001.0,2,2,NAmes,1Story,Gd,Gd
177000,6,5,1337,10943,1997,1405.0,2.0,1997.0,2,2,NAmes,1Story,Gd,Gd
113500,6,6,1092,2205,1973,525.0,1.0,1973.0,1,3,BrDale,2Story,TA,TA
113000,6,5,1218,1890,1973,672.0,1.0,1973.0,1,3,BrDale,2Story,TA,TA
113700,6,5,1218,2058,1973,672.0,1.0,1973.0,1,4,BrDale,2Story,Ex,TA
106000,5,5,1302,2016,1970,630.0,2.0,1970.0,2,3,BrDale,2Story,TA,TA
122500,5,5,1365,1920,1971,765.0,2.0,1971.0,1,2,BrDale,2Story,TA,TA
128000,6,5,958,4928,1976,1078.0,2.0,1977.0,2,2,NPkVill,1Story,TA,TA
155000,6,6,1548,2308,1976,804.0,2.0,1976.0,2,3,NPkVill,2Story,Gd,TA
142500,7,7,1055,2304,1978,1061.0,1.0,1978.0,2,2,NPkVill,1Story,TA,TA
129250,5,6,988,7150,1966,988.0,1.0,1974.0,1,3,NAmes,1Story,TA,TA
356000,9,5,1816,12469,2006,1790.0,3.0,2007.0,2,3,NridgHt,1Story,Ex,Ex
314813,9,5,1828,11694,2007,1822.0,3.0,2007.0,2,3,NridgHt,1Story,Gd,Ex
318000,8,5,1694,12030,2007,1694.0,3.0,2007.0,2,3,NridgHt,1Story,Gd,Ex
322400,8,5,1694,11825,2006,1694.0,3.0,2006.0,2,3,NridgHt,1Story,Gd,Gd
318000,8,5,1734,12085,2007,1734.0,3.0,2007.0,2,3,NridgHt,1Story,Ex,Gd
345474,8,5,2122,14333,2007,2108.0,3.0,2007.0,2,2,NridgHt,1Story,Gd,Gd
415298,9,5,2121,14450,2006,2121.0,3.0,2007.0,2,3,NridgHt,1Story,Ex,Ex
492000,9,5,2656,13641,2007,1934.0,3.0,2007.0,2,3,NridgHt,2Story,Ex,Ex
338931,8,5,2550,13440,2006,1108.0,3.0,2006.0,2,4,NridgHt,2Story,Ex,Gd
450000,10,5,2046,15431,2005,1994.0,3.0,2005.0,2,2,NridgHt,1Story,Ex,Ex
280000,7,5,2172,14154,2006,1063.0,3.0,2006.0,2,3,NridgHt,2Story,Gd,Gd
479069,9,5,2552,13891,2007,2552.0,3.0,2007.0,2,3,NridgHt,1Story,Ex,Ex
395000,8,5,1973,14226,2006,1935.0,3.0,2006.0,2,3,NridgHt,1Story,Gd,Gd
380000,9,5,2643,13693,2006,2153.0,3.0,2006.0,2,3,NridgHt,2Story,Ex,Ex
250000,8,5,1634,11428,2006,1626.0,3.0,2006.0,2,3,NridgHt,1Story,Gd,Gd
440000,8,5,1976,14977,2006,1976.0,3.0,2006.0,2,2,NridgHt,1Story,Gd,Gd
418000,9,5,2758,13654,2005,1704.0,3.0,2005.0,2,4,NridgHt,2Story,Ex,Gd
500067,10,5,2290,17169,2007,2320.0,3.0,2007.0,2,2,NridgHt,1Story,Ex,Ex
260116,8,5,2152,16659,2007,1582.0,2.0,2007.0,2,3,NridgHt,2Story,Gd,Gd
317000,8,5,2473,9591,2004,1143.0,3.0,2004.0,2,4,NridgHt,2Story,Gd,Gd
319500,8,5,2100,9709,2007,918.0,3.0,2007.0,2,3,NridgHt,2Story,Ex,Ex
325624,8,5,2161,10562,2007,1582.0,3.0,2007.0,1,3,NridgHt,2Story,Ex,Gd
372000,9,5,1802,13615,2006,1802.0,3.0,2006.0,2,3,NridgHt,1Story,Ex,Ex
342000,8,5,2956,13069,2004,1706.0,3.0,2004.0,2,5,NridgHt,2Story,Ex,Gd
354000,8,5,2468,12099,2004,1136.0,3.0,2004.0,2,4,NridgHt,2Story,Gd,Gd
350000,8,5,2385,14277,2003,1317.0,3.0,2003.0,2,3,NridgHt,2Story,Gd,Gd
285000,8,5,2374,11999,2003,1181.0,3.0,2003.0,2,4,NridgHt,2Story,Ex,Gd
281500,8,5,1818,12568,2007,895.0,3.0,2007.0,2,3,NridgHt,2Story,Ex,Gd
245700,7,5,1614,9926,2005,1614.0,3.0,2005.0,2,3,NridgHt,1Story,Gd,Gd
232698,8,5,1721,9254,2005,1721.0,2.0,2005.0,2,3,NridgHt,1Story,Gd,Gd
250000,8,5,1828,10732,2006,1298.0,3.0,2006.0,2,3,NridgHt,2Story,Gd,Gd
194700,6,5,1362,7577,2005,1362.0,2.0,2005.0,2,2,NridgHt,1Story,Gd,Gd
204000,6,5,1302,3901,2005,1302.0,2.0,2005.0,1,1,NridgHt,1Story,Gd,Gd
200000,6,5,1302,3903,2005,1302.0,2.0,2005.0,1,1,NridgHt,1Story,Gd,Gd
207000,6,5,1362,6289,2005,1362.0,2.0,2005.0,2,2,NridgHt,1Story,Gd,Gd
209500,8,5,1554,4590,2006,1554.0,2.0,2006.0,2,2,NridgHt,1Story,Gd,Gd
209500,8,5,1554,4590,2006,1554.0,2.0,2006.0,2,2,NridgHt,1Story,Gd,Gd
202500,8,5,1370,6442,2006,1370.0,2.0,2006.0,2,2,NridgHt,1Story,Gd,Gd
280000,9,5,1577,7841,2005,1577.0,2.0,2005.0,2,2,NridgHt,1Story,Ex,Ex
277500,9,5,1561,7313,2005,1561.0,2.0,2005.0,2,2,NridgHt,1Story,Ex,Ex
318061,9,5,1869,7820,2007,1869.0,2.0,2007.0,2,2,NridgHt,1Story,Ex,Ex
221370,8,5,1324,6240,2006,1324.0,2.0,2006.0,2,2,NridgHt,1Story,Gd,Gd
200000,7,5,1405,3242,2003,1405.0,2.0,2003.0,2,2,NridgHt,1Story,Gd,Gd
181755,6,5,1496,15810,2007,768.0,2.0,2007.0,3,3,Gilbert,2Story,Gd,Gd
176000,6,5,1536,10237,2005,768.0,2.0,2005.0,2,3,Gilbert,2Story,Gd,Gd
178900,6,5,1484,10237,2005,783.0,2.0,2005.0,2,3,Gilbert,2Story,Gd,Gd
168165,7,5,1458,13204,2006,608.0,2.0,2007.0,2,3,Gilbert,2Story,Gd,TA
171925,6,5,1495,8857,2006,738.0,2.0,2006.0,2,3,Gilbert,2Story,Gd,Gd
198444,6,5,1746,9729,2006,698.0,3.0,2007.0,2,3,Gilbert,2Story,Gd,Gd
203000,6,5,1326,12216,2005,1326.0,2.0,2005.0,2,3,Gilbert,1Story,Gd,TA
179540,7,5,1456,9018,2007,728.0,2.0,2007.0,2,3,Gilbert,2Story,Gd,Gd
176485,7,5,1302,8993,2007,1302.0,2.0,2007.0,2,3,Gilbert,1Story,Gd,Gd
181134,7,5,1340,8899,2007,1340.0,2.0,2007.0,2,3,Gilbert,1Story,Gd,Gd
156932,6,5,1412,8499,2006,616.0,2.0,2007.0,2,3,Gilbert,2Story,Gd,TA
166000,6,5,1504,8229,2007,752.0,2.0,2007.0,2,3,Gilbert,2Story,Gd,Gd
177594,7,5,1456,7713,2007,728.0,2.0,2007.0,2,3,Gilbert,2Story,Gd,Gd
173500,7,6,1258,7697,2007,1246.0,2.0,2007.0,2,3,Gilbert,1Story,Gd,Gd
172500,7,5,1258,3922,2006,1258.0,3.0,2007.0,2,2,Blmngtn,1Story,Gd,Gd
194201,7,5,1402,3922,2006,1258.0,3.0,2006.0,0,2,Blmngtn,1Story,Gd,Gd
226500,8,5,1589,3621,2003,1406.0,3.0,2003.0,2,2,Blmngtn,1Story,Gd,Gd
185485,7,5,1266,3710,2007,1266.0,2.0,2007.0,2,2,Blmngtn,1Story,Gd,Gd
259000,7,5,1530,14572,2004,1530.0,3.0,2004.0,2,3,Gilbert,1Story,Gd,Gd
188500,7,5,1119,16219,2004,835.0,2.0,2004.0,2,2,Gilbert,SLvl,Gd,Gd
175000,7,5,1374,11084,2004,384.0,2.0,2004.0,2,3,Gilbert,SLvl,Gd,Gd
215000,7,5,1959,11796,2004,847.0,2.0,2004.0,2,4,Gilbert,2Story,Gd,Gd
206580,7,5,1525,10936,2006,1510.0,2.0,2006.0,2,3,Gilbert,1Story,Gd,Gd
183500,7,5,1720,8244,2004,840.0,2.0,2004.0,2,3,Gilbert,2Story,Gd,Gd
165500,7,5,1394,11950,2003,384.0,2.0,2003.0,2,3,Gilbert,SLvl,Gd,Gd
211000,7,5,1948,7875,2003,847.0,2.0,2003.0,2,4,Gilbert,2Story,Gd,Gd
181000,6,5,1690,8063,2000,924.0,2.0,2000.0,2,3,Gilbert,2Story,TA,TA
219500,7,5,1995,8740,2002,854.0,2.0,2002.0,2,4,Gilbert,2Story,Gd,Gd
175000,6,5,1647,7917,1999,953.0,2.0,1999.0,2,3,Gilbert,2Story,TA,TA
170000,7,5,1430,9967,2000,384.0,2.0,2000.0,2,3,Gilbert,SLvl,TA,TA
162000,7,5,1320,7750,2003,660.0,2.0,2003.0,2,3,Gilbert,2Story,Gd,Gd
187000,6,5,1690,9487,2000,915.0,2.0,2000.0,2,3,Gilbert,2Story,TA,TA
185000,6,5,1644,9649,1999,941.0,2.0,1999.0,2,3,Gilbert,2Story,TA,TA
745000,10,5,4476,15623,1996,2396.0,3.0,1996.0,3,4,NoRidge,2Story,Ex,Gd
384500,8,5,2551,12191,1997,1779.0,3.0,1998.0,2,4,NoRidge,2Story,Gd,Gd
248000,8,5,2285,11000,2000,969.0,3.0,2000.0,2,4,NoRidge,2Story,Gd,Gd
466500,10,5,2633,11400,2001,2633.0,3.0,2001.0,2,2,NoRidge,1Story,Ex,Ex
410000,9,5,3078,10557,1998,1408.0,3.0,1998.0,2,4,NoRidge,2Story,Gd,Gd
322500,8,5,2582,11002,1998,1389.0,3.0,1998.0,2,4,NoRidge,2Story,Gd,Gd
252000,7,5,2385,10790,1998,1066.0,3.0,1998.0,2,4,NoRidge,2Story,Gd,Gd
755000,10,6,4316,21535,1994,2444.0,3.0,1994.0,3,4,NoRidge,2Story,Ex,Ex
269790,7,5,2013,9920,1996,1117.0,2.0,1997.0,2,3,NoRidge,2Story,TA,Gd
315750,7,5,2398,11787,1996,1379.0,3.0,1996.0,2,3,NoRidge,2Story,Gd,Gd
290000,7,5,2520,9950,1995,1203.0,3.0,1995.0,2,4,NoRidge,2Story,Gd,Gd
290000,8,5,2531,12257,1995,1318.0,3.0,1995.0,2,4,NoRidge,2Story,Gd,Gd
430000,8,5,3228,12692,1992,3200.0,2.0,1992.0,3,4,NoRidge,1Story,Gd,Gd
263000,8,5,2202,11762,1992,1105.0,2.0,1992.0,2,4,NoRidge,2Story,Gd,Gd
330000,8,5,2538,9044,1996,1325.0,3.0,1996.0,2,4,NoRidge,2Story,Gd,Gd
213133,7,6,1369,9910,2007,1369.0,2.0,2007.0,2,3,Somerst,1Story,Gd,Gd
260261,8,5,1542,11830,2007,1542.0,3.0,2007.0,2,3,Somerst,1Story,Gd,Gd
320000,9,5,1905,11670,2006,1905.0,3.0,2006.0,2,3,Somerst,1Story,Ex,Ex
282922,8,5,1464,15256,2007,1485.0,3.0,2007.0,2,3,Somerst,1Story,Gd,Gd
215000,8,5,1534,10612,2006,1524.0,2.0,2006.0,2,3,Somerst,1Story,Gd,Gd
419005,10,5,1966,12291,2007,1966.0,3.0,2007.0,2,1,Somerst,1Story,Ex,Ex
255000,8,5,1636,13501,2006,1623.0,3.0,2006.0,2,3,Somerst,1Story,Gd,Gd
147000,8,5,1795,9986,2006,1795.0,3.0,2007.0,2,2,Somerst,1Story,Gd,Gd
235876,7,5,1528,9965,2007,1528.0,2.0,2007.0,3,3,Somerst,1Story,Gd,Gd
311872,7,5,1726,9416,2007,1726.0,3.0,2007.0,2,3,Somerst,1Story,Ex,Ex
248328,7,6,1689,9849,2007,1689.0,3.0,2007.0,2,3,Somerst,1Story,Gd,Gd
227000,8,5,1588,10000,2006,1588.0,3.0,2006.0,2,3,Somerst,1Story,Gd,Gd
260000,8,5,1538,8847,2005,1538.0,2.0,2005.0,2,3,Somerst,1Story,Gd,Gd
225000,8,5,1496,9158,2007,1496.0,2.0,2007.0,2,3,Somerst,1Story,Gd,Gd
249000,7,5,1506,8251,2005,1494.0,2.0,2005.0,2,3,Somerst,1Story,Gd,Gd
307000,8,5,1694,10084,2004,1686.0,2.0,2004.0,2,3,Somerst,1Story,Gd,Gd
250000,7,5,1977,9605,2006,982.0,3.0,2006.0,2,3,Somerst,2Story,Gd,Gd
221300,8,5,1830,8778,2006,1302.0,3.0,2006.0,2,3,Somerst,2Story,Gd,Gd
208900,8,5,1338,8640,2007,1338.0,2.0,2007.0,2,3,Somerst,1Story,Gd,Gd
210400,7,5,1335,9000,2006,1335.0,2.0,2007.0,2,3,Somerst,1Story,Gd,Gd
255000,8,5,1792,8640,2007,896.0,2.0,2007.0,2,3,Somerst,2Story,Gd,Gd
212109,5,5,1588,10411,2007,725.0,2.0,2007.0,3,3,Somerst,2Story,Gd,Gd
270000,8,5,1959,9000,2006,1088.0,3.0,2006.0,2,3,Somerst,2Story,Gd,Gd
303477,8,5,2610,9000,2007,1184.0,2.0,2007.0,2,4,Somerst,2Story,Ex,Gd
310013,8,5,1880,12217,2007,955.0,3.0,2007.0,2,3,Somerst,2Story,Ex,Gd
249700,8,5,1656,11096,2006,1656.0,3.0,2006.0,2,3,Somerst,1Story,Gd,Gd
227875,7,6,1761,10207,2007,874.0,2.0,2007.0,3,3,Somerst,2Story,Gd,Gd
261329,8,5,1584,10440,2007,1574.0,2.0,2007.0,2,2,Somerst,1Story,Ex,Ex
253000,8,5,1685,11824,2006,1685.0,3.0,2006.0,2,2,Somerst,1Story,Gd,Gd
265000,6,5,2443,10625,2004,1158.0,3.0,2004.0,2,4,Somerst,2Story,Gd,Gd
340000,8,5,2466,11143,2004,1580.0,2.0,2004.0,3,4,Somerst,2Story,Gd,Gd
146000,6,5,1100,7500,2006,1100.0,0.0,,1,3,SawyerW,1Story,TA,TA
147000,7,5,1143,7500,2006,1143.0,0.0,,1,3,SawyerW,1Story,Gd,Gd
149000,5,5,1094,12450,2003,1094.0,2.0,2004.0,1,3,SawyerW,1Story,Gd,Gd
181000,7,5,1486,7441,2006,1461.0,2.0,2006.0,2,3,SawyerW,1Story,Gd,Gd
201000,6,5,1721,8462,1994,928.0,2.0,1994.0,2,3,SawyerW,2Story,Gd,Gd
191750,6,5,1820,11613,1993,864.0,2.0,1993.0,2,3,SawyerW,2Story,Gd,Gd
179000,7,5,1349,8450,2000,1349.0,2.0,2000.0,2,3,SawyerW,1Story,TA,TA
215000,7,5,1494,16196,1998,1482.0,2.0,1998.0,2,3,SawyerW,1Story,Gd,Gd
179200,6,5,1575,8012,1992,1575.0,2.0,1992.0,2,2,SawyerW,1Story,Gd,Gd
128000,6,5,1266,8012,1980,630.0,1.0,1980.0,1,2,SawyerW,2Story,TA,TA
144000,5,7,884,9180,1983,840.0,2.0,1983.0,1,2,SawyerW,SFoyer,Gd,TA
144000,5,5,2020,8400,1977,0.0,2.0,1977.0,2,4,SawyerW,1Story,TA,TA
120750,5,5,894,6285,1977,894.0,1.0,1979.0,1,2,Sawyer,1Story,TA,TA
132500,5,6,970,8480,1963,970.0,2.0,1996.0,1,2,Sawyer,1Story,TA,TA
132000,5,5,1057,7420,1962,1057.0,2.0,1977.0,1,3,Sawyer,1Story,TA,TA
132500,5,7,999,7758,1962,999.0,1.0,1963.0,1,3,Sawyer,1Story,Gd,TA
129000,4,5,1120,6970,1961,1040.0,2.0,1961.0,1,3,Sawyer,1Story,Fa,TA
143900,5,5,1696,13673,1962,1140.0,1.0,1962.0,1,3,Sawyer,1Story,TA,TA
145000,5,7,1040,7476,1968,1040.0,2.0,1991.0,1,3,Sawyer,1Story,TA,TA
128500,5,5,988,9945,1961,988.0,2.0,1963.0,1,3,Sawyer,1Story,TA,TA
125500,5,6,902,6173,1967,876.0,1.0,1967.0,1,3,Sawyer,1Story,TA,TA
300000,7,5,2503,19522,1990,1223.0,2.0,1990.0,2,3,Veenker,2Story,Gd,Gd
294000,7,7,2167,17542,1974,1192.0,2.0,1974.0,2,3,Veenker,2Story,Gd,Gd
129000,5,5,1037,10751,1974,1037.0,2.0,1974.0,1,2,Sawyer,1Story,TA,TA
171000,5,5,1701,16647,1975,1390.0,2.0,1975.0,2,3,Sawyer,SFoyer,TA,TA
147000,6,7,1055,12712,1973,1044.0,2.0,1973.0,1,2,Sawyer,1Story,Gd,TA
302000,8,5,2810,9572,1990,1453.0,2.0,1990.0,2,4,NoRidge,2Story,Gd,Gd
285000,8,5,2872,10678,1992,1683.0,2.0,1992.0,2,4,NoRidge,1.5Fin,Gd,Gd
214000,8,5,1378,4379,2004,1378.0,2.0,2004.0,2,2,Somerst,1Story,Gd,Gd
166000,8,5,1151,3523,2006,1141.0,2.0,2006.0,2,2,Somerst,1Story,Gd,Gd
193800,8,5,1565,3784,2006,1511.0,2.0,2006.0,2,2,Somerst,1Story,Gd,Gd
208900,7,5,1352,4230,2006,1352.0,2.0,2006.0,2,2,Somerst,1Story,Gd,Gd
194000,7,5,1352,3606,2006,1352.0,2.0,2006.0,2,2,Somerst,1Story,Gd,Gd
207500,8,5,1550,5330,2006,1550.0,2.0,2007.0,2,2,Somerst,1Story,Gd,Gd
199900,7,5,1241,4274,2006,1241.0,2.0,2007.0,1,1,Somerst,1Story,Gd,Gd
164700,7,5,1250,4251,2006,625.0,2.0,2006.0,2,2,Somerst,2Story,Gd,Gd
176500,6,5,1501,2280,1999,744.0,2.0,1999.0,2,3,Somerst,2Story,TA,TA
176000,6,5,1458,3230,1999,729.0,2.0,1999.0,2,2,Somerst,2Story,TA,TA
168500,6,5,1512,2117,2000,756.0,2.0,2000.0,2,2,Somerst,2Story,Gd,Gd
177000,6,5,1573,2117,2000,756.0,2.0,2000.0,2,3,Somerst,2Story,Gd,Gd
177000,6,5,1525,2117,2000,756.0,2.0,2000.0,2,3,Somerst,2Story,Gd,Gd
148800,7,5,1102,5105,2004,551.0,2.0,2004.0,2,2,Somerst,2Story,Gd,Gd
174000,8,5,1441,2645,1999,776.0,2.0,1999.0,2,2,Somerst,2Story,Gd,Gd
239000,7,5,1950,7399,1997,975.0,2.0,1997.0,2,3,Somerst,2Story,Gd,Gd
204000,7,5,1358,7321,1999,1339.0,2.0,1999.0,2,3,Somerst,1Story,Gd,Gd
301000,8,5,2048,8010,2003,1054.0,2.0,2003.0,2,3,Somerst,2Story,Gd,Gd
312500,8,5,2362,8413,1998,1220.0,2.0,1998.0,2,3,Somerst,2Story,Gd,Gd
279700,8,5,1494,9466,1994,1494.0,2.0,1994.0,1,1,Veenker,1Story,Gd,Gd
255000,7,6,2362,12000,1980,2002.0,2.0,1980.0,2,3,Veenker,1Story,Gd,Gd
194000,5,7,1432,16157,1978,1360.0,2.0,1978.0,1,2,Veenker,SLvl,Gd,TA
218000,5,8,1437,10768,1976,1437.0,2.0,1976.0,2,3,Veenker,1Story,Gd,Gd
213750,8,6,1295,3840,1978,1057.0,2.0,1978.0,1,1,Greens,1Story,Gd,Gd
187000,6,7,1855,9600,1976,528.0,2.0,1976.0,2,3,Veenker,SLvl,TA,Gd
181500,6,8,1262,9600,1976,1262.0,2.0,1976.0,2,3,Veenker,1Story,TA,TA
373000,8,5,2497,17778,1981,2461.0,2.0,1981.0,2,2,Veenker,1Story,Gd,Gd
190000,5,5,2620,18890,1977,1361.0,2.0,1977.0,2,4,Sawyer,1.5Fin,TA,TA
226000,7,5,1929,7050,2001,1057.0,2.0,2001.0,2,3,Somerst,2Story,Gd,Gd
143450,6,6,1152,11700,1968,912.0,2.0,1968.0,1,3,NWAmes,1Story,TA,TA
240050,6,6,2411,8000,1970,1008.0,2.0,1970.0,2,4,NWAmes,2Story,TA,TA
162500,6,6,1082,8723,1969,973.0,2.0,1969.0,1,3,NWAmes,SFoyer,TA,TA
164000,6,5,1295,11700,1968,1295.0,2.0,1968.0,1,3,NWAmes,1Story,TA,TA
185000,7,7,1610,11358,1972,1124.0,2.0,1972.0,2,3,NWAmes,1Story,Gd,TA
188500,7,6,1594,9547,1993,1594.0,2.0,1993.0,2,2,NWAmes,1Story,Gd,TA
255000,7,6,2075,10530,1993,1148.0,2.0,1993.0,2,3,NWAmes,2Story,Gd,Gd
136905,5,6,1680,11500,1976,1680.0,2.0,1976.0,2,4,NWAmes,1Story,TA,TA
158500,6,7,1093,10738,1966,1093.0,2.0,1966.0,2,3,NWAmes,1Story,TA,TA
175500,7,6,1242,9600,1973,1242.0,2.0,1973.0,1,3,NWAmes,1Story,TA,TA
127000,6,5,1052,10800,1963,1052.0,1.0,1963.0,1,3,NWAmes,1Story,TA,TA
127000,5,6,1107,8050,1967,949.0,1.0,1967.0,1,3,NAmes,1Story,Gd,TA
143000,5,5,1214,10355,1967,1214.0,1.0,1967.0,2,3,NAmes,1Story,TA,TA
156000,5,7,1073,10289,1965,1073.0,2.0,1965.0,1,3,NAmes,1Story,TA,TA
144000,5,5,1344,9503,1958,1024.0,1.0,1970.0,1,2,NAmes,1Story,TA,TA
119000,5,4,1728,10624,1964,1728.0,1.0,2002.0,2,6,NAmes,1Story,TA,TA
103000,4,5,1224,10899,1964,0.0,3.0,1964.0,2,2,NAmes,1Story,TA,TA
139900,5,5,1422,12342,1960,978.0,1.0,1960.0,1,3,NAmes,1Story,TA,TA
151500,6,8,958,12772,1960,958.0,1.0,1960.0,1,2,NAmes,1Story,TA,TA
126500,5,5,1065,8892,1960,1065.0,2.0,1974.0,1,3,NAmes,1Story,TA,TA
145000,6,8,1138,10482,1958,588.0,1.0,1958.0,1,3,NAmes,SLvl,TA,TA
120000,5,7,912,7535,1958,912.0,1.0,1958.0,1,2,NAmes,1Story,TA,TA
124000,5,5,1074,7450,1956,894.0,2.0,1966.0,1,2,NAmes,1Story,Gd,TA
106500,5,7,882,8339,1959,0.0,1.0,1959.0,1,3,NAmes,1Story,TA,TA
140500,5,5,1187,14357,1961,864.0,2.0,1961.0,1,2,NAmes,1Story,TA,TA
137500,5,7,964,8243,1961,964.0,2.0,1985.0,1,3,NAmes,1Story,TA,TA
117600,5,7,894,8680,1960,894.0,1.0,1965.0,1,3,NAmes,1Story,TA,TA
163500,7,6,1200,8800,1966,1174.0,2.0,1966.0,2,3,NAmes,1Story,TA,TA
161000,6,5,1042,9200,1965,1042.0,2.0,1965.0,2,3,NAmes,SLvl,TA,TA
158000,6,7,1302,9350,1964,1302.0,1.0,1964.0,2,3,NAmes,SLvl,Gd,TA
224500,6,7,2154,8800,1964,845.0,2.0,1964.0,2,5,NAmes,2Story,TA,TA
147000,6,5,1374,11382,1964,1130.0,1.0,1964.0,1,3,NAmes,1Story,TA,TA
200000,6,7,1652,22002,1959,1592.0,2.0,1959.0,1,3,NAmes,1Story,Gd,TA
181900,6,6,1429,14585,1960,1144.0,2.0,1960.0,1,3,NAmes,1Story,Gd,TA
150750,5,6,1327,7388,1959,1063.0,2.0,1974.0,1,3,NAmes,1Story,Gd,TA
101800,4,5,1224,9842,1962,0.0,2.0,1962.0,2,2,NAmes,1Story,TA,TA
124000,6,5,932,8280,1950,932.0,1.0,1950.0,1,2,NAmes,1Story,Gd,TA
138500,5,7,908,12172,1940,822.0,2.0,1975.0,1,2,NAmes,1.5Unf,TA,TA
39300,1,3,334,5000,1946,0.0,0.0,,1,1,BrkSide,1Story,Fa,Fa
64500,3,3,666,5000,1946,666.0,0.0,,1,2,BrkSide,1Story,Gd,Fa
64000,3,5,670,3500,1945,370.0,0.0,,1,2,BrkSide,1.5Fin,Fa,TA
112000,5,8,808,5175,1958,808.0,1.0,1963.0,1,2,BrkSide,1Story,TA,TA
165000,6,6,1977,9500,1964,816.0,2.0,1964.0,1,4,NAmes,2Story,TA,TA
144000,5,6,1150,9600,1955,1078.0,1.0,1955.0,1,2,NAmes,1Story,TA,TA
137000,5,5,1920,11345,1948,928.0,2.0,1948.0,2,4,NAmes,2Story,TA,TA
105000,5,5,1376,9492,1941,768.0,1.0,1941.0,1,3,NAmes,1.5Fin,TA,TA
146500,5,7,1644,9480,1942,728.0,1.0,1942.0,1,3,NAmes,2Story,Gd,TA
126000,5,5,1560,8668,1968,1560.0,3.0,1968.0,2,4,NAmes,1Story,TA,TA
175000,5,6,1280,10050,1966,793.0,2.0,1966.0,2,3,NAmes,SFoyer,TA,TA
158500,6,5,1254,9600,1961,1218.0,2.0,1961.0,1,3,NAmes,SLvl,TA,TA
114500,5,5,912,10150,1958,912.0,1.0,1958.0,1,2,NAmes,1Story,TA,TA
144000,5,5,1524,11344,1958,874.0,1.0,1958.0,1,3,NAmes,1.5Fin,TA,TA
129000,6,5,2380,18450,1965,1021.0,2.0,1965.0,2,3,NAmes,2Story,TA,TA
141000,6,7,936,8760,1957,936.0,1.0,1957.0,1,2,NAmes,1Story,Gd,TA
131000,5,6,1008,6860,1956,1008.0,1.0,1964.0,1,3,NAmes,1Story,Fa,TA
142100,5,7,1053,8250,1963,1053.0,2.0,1994.0,1,3,NAmes,1Story,Gd,TA
139000,5,6,1056,8176,1958,1056.0,1.0,1958.0,1,3,NAmes,1Story,TA,TA
157900,6,6,1442,9750,1958,1442.0,1.0,1958.0,1,4,NAmes,1Story,TA,TA
139400,5,7,1056,9250,1954,1056.0,1.0,1954.0,1,3,NAmes,1Story,TA,TA
150000,6,6,1244,11988,1957,1244.0,1.0,1957.0,1,3,NAmes,1Story,TA,TA
120000,5,5,1144,9100,1960,1144.0,1.0,1960.0,1,3,NAmes,1Story,TA,TA
174850,6,6,1721,9736,1957,1331.0,2.0,1957.0,1,4,NAmes,1Story,TA,TA
116000,5,5,922,9770,1957,922.0,1.0,1957.0,1,2,NAmes,1Story,TA,TA
135000,5,5,1048,10152,1956,1048.0,1.0,1956.0,1,3,NAmes,1Story,TA,TA
163500,6,3,1657,12155,1970,1657.0,2.0,1970.0,2,3,NAmes,1Story,TA,TA
130000,5,6,1411,12198,1955,1204.0,1.0,1955.0,1,3,NAmes,1Story,TA,TA
129500,5,5,1216,10050,1955,1216.0,1.0,1955.0,1,3,NAmes,1Story,TA,TA
142000,5,9,1154,11556,1953,864.0,1.0,1962.0,1,3,NAmes,1Story,Ex,TA
128600,5,5,1560,8078,1958,1560.0,2.0,1958.0,2,4,NAmes,1Story,TA,TA
125000,6,6,948,10950,1952,948.0,2.0,1952.0,1,2,NAmes,1Story,TA,TA
136000,6,7,1040,7942,1953,1040.0,1.0,1953.0,1,3,NAmes,1Story,TA,TA
134500,5,7,1008,8923,1953,1008.0,1.0,1953.0,1,2,NAmes,1Story,Gd,TA
127000,5,8,925,8540,1956,925.0,1.0,1956.0,1,3,NAmes,1Story,Gd,TA
130000,5,5,1360,7134,1955,384.0,2.0,1962.0,1,3,NAmes,SLvl,TA,TA
115000,4,4,1540,7150,1955,1190.0,1.0,2002.0,1,4,NAmes,1.5Fin,Fa,TA
116900,5,5,925,8400,1955,923.0,1.0,1955.0,1,3,NAmes,1Story,TA,TA
132000,5,7,928,13300,1956,928.0,1.0,1956.0,1,2,NAmes,1Story,TA,TA
153000,4,6,1647,9532,1953,1105.0,1.0,1953.0,1,3,NAmes,1Story,TA,TA
112500,5,5,924,15783,1952,924.0,1.0,1952.0,1,2,OldTown,1Story,TA,TA
138000,4,7,1544,14190,1890,925.0,0.0,,2,3,OldTown,1.5Fin,TA,Gd
135000,5,7,893,9600,1949,845.0,2.0,1985.0,1,2,NAmes,1.5Unf,Gd,TA
156000,5,6,1728,12099,1953,1216.0,1.0,1953.0,1,3,NAmes,1.5Fin,TA,TA
301600,5,4,3086,21281,1935,666.0,3.0,2007.0,3,4,NAmes,2Story,Gd,TA
109000,5,6,1034,10134,1940,735.0,1.0,1940.0,1,2,OldTown,1.5Fin,TA,TA
103200,4,6,882,5500,1956,882.0,0.0,,1,1,OldTown,1.5Unf,TA,TA
128500,4,7,1281,10284,1925,1151.0,2.0,1978.0,2,1,OldTown,1.5Fin,TA,TA
64500,4,6,968,10800,1927,656.0,1.0,1928.0,2,4,OldTown,1Story,TA,TA
148000,5,9,1534,10800,1895,736.0,0.0,,1,3,OldTown,2Story,Gd,TA
86000,5,6,691,5400,1920,691.0,1.0,1920.0,1,2,OldTown,1Story,Ex,TA
172000,7,5,1651,10090,1963,725.0,1.0,1963.0,2,4,NAmes,SLvl,TA,TA
120000,5,7,888,8700,1961,920.0,1.0,1961.0,1,3,NAmes,1Story,TA,TA
128500,6,6,952,8300,1968,952.0,1.0,1968.0,1,3,NAmes,1Story,TA,TA
135000,5,5,2080,11606,1969,1040.0,2.0,1969.0,1,5,NAmes,2Story,Fa,TA
122900,5,7,924,8064,1949,672.0,2.0,2003.0,1,3,NAmes,1.5Fin,TA,TA
119200,6,5,1082,11664,1948,1082.0,1.0,1948.0,1,2,NAmes,1Story,TA,TA
143000,6,6,1846,10496,1949,1040.0,1.0,1949.0,2,3,NAmes,1.5Fin,TA,TA
119000,5,7,988,7200,1950,876.0,1.0,1950.0,1,3,NAmes,1Story,TA,TA
102000,5,3,1238,7200,1950,864.0,1.0,1950.0,1,3,NAmes,1Story,TA,TA
129000,5,8,864,7200,1950,864.0,2.0,1980.0,1,3,NAmes,1Story,Gd,TA
135000,5,7,1134,7000,1960,1010.0,1.0,1960.0,1,2,NAmes,1Story,TA,TA
152000,5,7,1040,7500,1959,1040.0,1.0,1959.0,1,3,NAmes,1Story,Gd,TA
140000,5,6,1170,7315,1958,1170.0,1.0,1958.0,1,3,NAmes,1Story,TA,TA
152000,5,5,1242,7903,1960,1242.0,1.0,1960.0,1,3,NAmes,1Story,TA,TA
156500,5,5,1377,8000,1960,1377.0,1.0,1965.0,1,3,NAmes,1Story,TA,TA
141000,5,4,1800,8000,1961,1800.0,0.0,,2,6,NAmes,1Story,TA,TA
99000,5,6,925,7000,1961,0.0,1.0,1961.0,1,3,NAmes,1Story,TA,TA
187000,6,8,1851,9760,1964,822.0,2.0,1964.0,2,3,NAmes,2Story,Gd,TA
169500,5,5,1812,7590,1962,864.0,1.0,1962.0,2,4,NAmes,2Story,TA,TA
125500,5,5,864,6600,1962,864.0,1.0,1962.0,1,2,NAmes,1Story,TA,TA
130000,5,5,936,6760,1962,896.0,1.0,1962.0,1,3,NAmes,SFoyer,TA,TA
103000,5,7,960,6978,1926,850.0,2.0,1981.0,1,2,OldTown,1Story,TA,Gd
132000,5,7,1432,9600,1910,264.0,2.0,1910.0,2,2,OldTown,2Story,TA,TA
127500,6,6,1296,6000,1927,845.0,2.0,1980.0,1,3,OldTown,1.5Fin,TA,TA
89500,5,5,1022,4480,1922,1022.0,1.0,1922.0,1,2,OldTown,1Story,Fa,TA
140000,5,5,936,7200,1980,936.0,2.0,1980.0,1,2,OldTown,SFoyer,TA,TA
99900,5,6,967,3153,1920,967.0,1.0,1920.0,1,2,OldTown,1Story,TA,TA
100000,4,7,1047,10800,1885,641.0,1.0,1954.0,1,2,OldTown,1Story,TA,TA
130000,5,8,1072,7200,1940,808.0,2.0,1940.0,1,2,OldTown,1Story,TA,TA
135000,5,8,1174,9000,1900,680.0,2.0,2000.0,1,2,OldTown,1.5Fin,Gd,TA
120000,3,7,1183,6000,1948,649.0,1.0,1981.0,1,2,OldTown,1.5Fin,TA,TA
89471,4,7,1131,5925,1937,907.0,2.0,1995.0,1,2,OldTown,1Story,TA,TA
85000,4,6,1141,5925,1900,570.0,1.0,1930.0,1,3,OldTown,1.5Fin,TA,TA
108500,4,4,960,6000,1920,960.0,1.0,1997.0,1,2,OldTown,1Story,Fa,TA
137000,4,8,1798,9639,1900,1075.0,2.0,1935.0,2,4,OldTown,2Story,TA,TA
110500,5,9,866,3880,1945,686.0,0.0,,1,2,OldTown,1Story,Gd,TA
100000,5,6,968,8520,1923,968.0,2.0,1935.0,1,2,OldTown,1Story,TA,Gd
184900,8,9,1772,10337,1910,725.0,2.0,1992.0,2,3,OldTown,2Story,Gd,Gd
145000,6,6,1642,9863,1927,728.0,1.0,1927.0,1,4,OldTown,2Story,TA,TA
125000,5,8,1472,9600,1925,702.0,1.0,1925.0,1,3,OldTown,1.5Fin,Gd,TA
114000,5,7,1232,4571,1910,616.0,2.0,1920.0,1,3,OldTown,2Story,TA,TA
90000,5,5,2337,13600,1900,662.0,2.0,1945.0,2,5,OldTown,2Story,TA,TA
144100,6,8,1650,8398,1910,926.0,2.0,1979.0,2,3,OldTown,1.5Fin,TA,TA
117500,6,4,2210,9900,1880,1008.0,1.0,1930.0,2,5,OldTown,2Story,Fa,TA
124500,5,7,1358,3600,1930,687.0,1.0,2004.0,1,3,OldTown,2Story,Gd,TA
185000,7,8,2454,13500,1879,819.0,2.0,1950.0,2,3,OldTown,2.5Unf,TA,TA
133900,6,6,2291,7200,1910,1214.0,2.0,1900.0,2,4,OldTown,2.5Unf,TA,TA
152000,6,7,1616,5400,1926,1149.0,1.0,1926.0,2,3,OldTown,1Story,Gd,TA
153500,5,6,1559,8100,1948,1559.0,2.0,1948.0,1,2,OldTown,1Story,TA,TA
159500,7,8,2554,10800,1890,718.0,2.0,1996.0,1,3,OldTown,2Story,TA,TA
87000,5,5,1248,9439,1930,912.0,1.0,1957.0,1,2,OldTown,1.5Fin,TA,TA
104500,4,6,968,8626,1956,0.0,1.0,1956.0,1,2,OldTown,1Story,TA,TA
110000,4,7,1382,11800,1949,0.0,1.0,1957.0,2,1,OldTown,SLvl,TA,TA
136500,5,7,1060,6854,1925,756.0,1.0,1969.0,1,1,BrkSide,1Story,TA,TA
128250,5,6,1435,8674,1950,910.0,1.0,1950.0,1,3,BrkSide,1.5Fin,TA,TA
144000,5,5,1167,8731,1920,915.0,2.0,1972.0,1,3,BrkSide,1Story,TA,TA
210000,6,7,1635,8737,1923,1065.0,2.0,1950.0,1,3,BrkSide,1.5Fin,TA,TA
135000,5,7,1274,6125,1939,728.0,1.0,1939.0,2,3,BrkSide,1.5Fin,TA,TA
128000,6,6,1232,6000,1939,600.0,1.0,1939.0,1,3,BrkSide,2Story,TA,TA
131000,6,6,1218,6000,1941,735.0,2.0,2003.0,1,3,BrkSide,1.5Fin,TA,TA
113000,5,7,884,6120,1939,884.0,1.0,1939.0,1,2,BrkSide,1.5Unf,TA,Gd
126000,6,5,1409,6240,1938,861.0,2.0,1968.0,1,3,BrkSide,1.5Fin,TA,TA
132000,5,8,1322,6240,1939,672.0,1.0,1939.0,1,4,BrkSide,1.5Fin,TA,TA
131750,5,7,1426,6240,1930,966.0,1.0,1930.0,1,3,BrkSide,1.5Fin,TA,TA
132500,5,6,1281,6120,1926,756.0,2.0,1926.0,1,2,BrkSide,1.5Fin,Gd,TA
137500,5,8,1513,6120,1920,939.0,1.0,1933.0,1,4,BrkSide,2Story,TA,TA
132000,7,8,854,6120,1929,832.0,2.0,1991.0,1,2,BrkSide,1.5Unf,TA,TA
127500,6,6,1367,6240,1931,884.0,1.0,1978.0,1,3,BrkSide,1.5Fin,TA,TA
102000,6,5,986,6180,1926,960.0,1.0,1926.0,1,2,BrkSide,1Story,TA,TA
200000,6,8,2264,7755,1918,1100.0,1.0,1950.0,2,4,OldTown,2Story,TA,TA
180500,6,6,1824,13515,1919,764.0,2.0,1940.0,1,3,BrkSide,2Story,TA,TA
165000,6,7,1376,8850,1920,768.0,2.0,1977.0,1,3,BrkSide,1.5Fin,Gd,TA
90000,5,5,1316,8550,1926,750.0,2.0,1965.0,1,4,BrkSide,1.5Fin,TA,TA
153575,6,7,1396,8730,1915,698.0,1.0,2003.0,1,3,BrkSide,2Story,TA,TA
140000,7,6,1344,5700,1929,672.0,2.0,1979.0,1,3,OldTown,2Story,Gd,TA
136000,6,7,2526,8520,1916,714.0,1.0,1916.0,2,5,OldTown,1.5Fin,Gd,TA
113000,5,4,1173,5680,1901,592.0,1.0,1920.0,2,3,OldTown,1.5Fin,TA,TA
117000,5,3,1214,5680,1901,969.0,1.0,1920.0,1,2,OldTown,1.5Fin,TA,TA
169500,7,4,1818,7758,1931,1040.0,1.0,1951.0,1,4,IDOTRR,1.5Fin,TA,TA
139400,7,7,1108,7449,1930,637.0,1.0,1930.0,1,3,IDOTRR,1.5Unf,Gd,TA
202500,6,6,2294,13200,1963,741.0,2.0,1963.0,3,5,IDOTRR,SLvl,TA,TA
127000,6,7,1355,6882,1914,684.0,0.0,,1,3,IDOTRR,2Story,Gd,TA
141000,6,6,1375,9000,1937,780.0,1.0,1979.0,1,3,IDOTRR,1.5Fin,Gd,TA
212300,7,9,1952,9780,1950,976.0,1.0,1950.0,1,4,IDOTRR,2Story,Gd,TA
161000,6,5,2180,10320,1915,1138.0,2.0,2006.0,1,3,IDOTRR,1.5Fin,TA,TA
99500,4,6,1315,4330,1958,808.0,2.0,1958.0,2,3,IDOTRR,1.5Fin,TA,TA
101000,5,7,1111,7200,1920,530.0,1.0,1935.0,1,3,IDOTRR,2.5Unf,Fa,TA
109900,4,7,1196,4800,1916,1196.0,2.0,1957.0,1,2,IDOTRR,1Story,TA,TA
128500,5,6,1382,12358,1941,720.0,2.0,1991.0,1,2,OldTown,1.5Fin,TA,TA
122000,7,4,1889,10120,1910,925.0,1.0,1960.0,1,4,OldTown,2.5Unf,TA,Fa
87000,5,7,840,4388,1930,672.0,0.0,,1,3,OldTown,1.5Unf,TA,TA
50000,4,1,1484,10320,1910,771.0,1.0,1910.0,2,3,IDOTRR,1.5Fin,TA,Fa
219000,7,8,2267,12888,1937,1005.0,2.0,1937.0,1,3,Sawyer,2Story,TA,TA
200500,5,6,3086,18030,1946,1598.0,0.0,,3,3,ClearCr,1.5Fin,Ex,TA
126000,5,6,1134,8160,1940,756.0,1.0,1940.0,1,3,Edwards,1.5Fin,TA,TA
108500,5,6,1282,4484,1942,672.0,1.0,1942.0,1,2,SWISU,1.5Fin,TA,TA
130000,5,5,999,11235,1963,925.0,1.0,1963.0,1,3,Sawyer,SFoyer,TA,TA
158450,5,5,1452,11235,1964,1420.0,2.0,1964.0,1,2,Sawyer,SFoyer,TA,TA
115400,4,3,1005,14299,1964,1005.0,2.0,1964.0,1,3,Sawyer,1Story,TA,TA
118500,4,5,1029,7943,1961,1029.0,1.0,1961.0,1,3,Sawyer,1Story,TA,TA
165000,5,8,1020,14149,1964,980.0,2.0,1970.0,2,3,Sawyer,SLvl,TA,Gd
123000,5,4,1040,11677,1966,1040.0,1.0,1966.0,1,3,Sawyer,1Story,TA,TA
129000,6,5,913,8400,1966,814.0,1.0,1990.0,1,3,Sawyer,SFoyer,TA,TA
125000,5,5,894,7094,1966,894.0,1.0,1966.0,1,3,Sawyer,1Story,TA,TA
108000,5,5,948,8978,1968,948.0,1.0,1968.0,1,3,Sawyer,1Story,TA,TA
119900,5,6,868,8425,1971,768.0,2.0,1989.0,1,2,Sawyer,1Story,TA,TA
115000,5,5,897,8665,1968,876.0,1.0,1968.0,1,3,Sawyer,1Story,TA,TA
134500,5,5,943,8398,1967,943.0,2.0,1972.0,1,2,Sawyer,1Story,TA,TA
127000,5,7,955,7742,1966,955.0,1.0,1966.0,1,3,Sawyer,1Story,TA,TA
129000,5,5,894,8724,1968,894.0,2.0,1968.0,1,3,Sawyer,1Story,TA,TA
143500,6,5,1285,8197,1977,660.0,2.0,1977.0,1,3,Sawyer,1Story,TA,TA
129000,5,7,912,8169,1966,912.0,1.0,1966.0,1,3,Sawyer,1Story,Gd,TA
187000,5,5,1375,14175,1956,1240.0,1.0,1956.0,1,3,Sawyer,1Story,TA,TA
158000,5,4,2654,16779,1920,671.0,2.0,1946.0,3,4,Sawyer,2Story,TA,TA
112000,5,7,1416,25339,1918,816.0,2.0,2007.0,2,3,Sawyer,1Story,Gd,TA
165250,7,8,1302,6960,1940,680.0,1.0,1940.0,1,2,Sawyer,1.5Fin,Gd,TA
150000,6,5,1299,11375,1954,967.0,2.0,1954.0,1,3,Sawyer,1Story,Gd,TA
137000,5,6,1176,13770,1958,1158.0,1.0,1958.0,1,3,Sawyer,1Story,TA,TA
89500,4,7,998,9000,1945,0.0,2.0,1952.0,1,3,Sawyer,1Story,TA,Fa
302000,7,5,1824,115149,1971,1643.0,2.0,1971.0,2,2,ClearCr,1Story,Gd,TA
182000,6,5,1522,11075,1984,1190.0,2.0,1984.0,2,3,ClearCr,1Story,TA,TA
211000,6,5,2060,10029,1988,1151.0,2.0,1988.0,2,4,ClearCr,2Story,TA,Gd
216000,5,7,1325,17541,1948,409.0,2.0,1996.0,2,3,Edwards,1Story,Gd,TA
130000,5,5,1630,22692,1953,1073.0,2.0,1953.0,2,3,Edwards,1Story,TA,TA
109900,4,5,1242,17808,1946,484.0,1.0,1946.0,1,2,Edwards,1Story,TA,TA
255000,6,7,2422,12671,1954,1288.0,2.0,1954.0,3,4,ClearCr,1Story,Gd,TA
243000,6,7,2158,12615,1950,1202.0,2.0,1950.0,2,4,Edwards,1Story,Gd,TA
154000,6,6,1626,10512,1954,988.0,1.0,1954.0,1,3,Edwards,1.5Fin,Gd,TA
118000,5,5,864,5400,1958,864.0,1.0,1958.0,1,3,SWISU,1Story,TA,TA
80000,4,5,943,11515,1958,0.0,1.0,1958.0,1,3,Edwards,1Story,Gd,TA
150000,4,3,1440,7711,1977,1440.0,0.0,,2,4,Edwards,1Story,TA,TA
86000,4,7,605,9098,1920,528.0,0.0,,1,2,Edwards,1Story,TA,TA
130000,5,6,1038,3869,1984,1038.0,1.0,1984.0,2,2,Edwards,1Story,TA,Gd
125000,5,6,1342,9280,1951,1342.0,1.0,1951.0,1,4,Edwards,1Story,TA,TA
136500,5,6,1480,11100,1951,1080.0,1.0,1951.0,1,4,Edwards,1.5Fin,TA,TA
96000,4,5,1362,7550,1920,951.0,1.0,1920.0,2,4,Edwards,1.5Fin,TA,Fa
120000,5,6,1340,9060,1957,0.0,1.0,1957.0,1,3,Edwards,1Story,TA,TA
228500,6,5,1822,23920,1984,1105.0,2.0,1984.0,2,4,SawyerW,1.5Fin,Gd,TA
179900,7,5,1442,10357,1990,910.0,2.0,1990.0,2,3,SawyerW,1Story,Gd,Gd
225000,7,5,2243,13474,1990,700.0,3.0,1990.0,2,4,SawyerW,2Story,Gd,Gd
301000,7,5,2730,10380,1986,1502.0,2.0,1987.0,2,4,SawyerW,2Story,Gd,Gd
238000,7,5,2127,13125,1991,1104.0,3.0,1991.0,2,4,SawyerW,2Story,Gd,Gd
228500,7,6,1982,11287,1989,807.0,2.0,1989.0,2,3,SawyerW,2Story,Gd,Gd
220000,7,5,1958,9317,1994,779.0,2.0,1994.0,2,3,SawyerW,2Story,Gd,Gd
383970,7,5,2696,9965,2007,1264.0,3.0,2007.0,2,4,CollgCr,2Story,Ex,Gd
424870,8,5,2828,9965,2006,1466.0,3.0,2006.0,3,4,CollgCr,2Story,Gd,Gd
250000,8,5,1651,9178,2007,1643.0,3.0,2007.0,2,3,CollgCr,1Story,Gd,Gd
360000,8,5,2140,10481,2006,2140.0,3.0,2006.0,2,3,CollgCr,1Story,Gd,Gd
279500,7,5,1494,10652,2006,1494.0,3.0,2006.0,2,3,CollgCr,1Story,Gd,Gd
200141,7,5,1316,11175,2007,1316.0,2.0,2007.0,2,3,CollgCr,1Story,Gd,Gd
246500,8,5,1651,10235,2007,1643.0,3.0,2007.0,2,3,CollgCr,1Story,Gd,Gd
276000,8,5,2574,9588,2007,1482.0,3.0,2007.0,2,3,CollgCr,2Story,Ex,Gd
203000,7,5,1274,8814,2005,1274.0,2.0,2005.0,2,3,CollgCr,1Story,Gd,Gd
155835,7,5,1456,11103,2006,728.0,2.0,2006.0,2,3,CollgCr,2Story,Gd,Gd
194000,7,5,1240,8556,2006,1240.0,3.0,2006.0,2,2,CollgCr,1Story,Gd,Gd
195400,7,5,1208,6762,2007,1208.0,2.0,2007.0,2,2,CollgCr,1Story,Gd,Gd
217000,7,5,1546,11750,2005,1546.0,3.0,2005.0,2,3,CollgCr,1Story,Gd,Gd
212999,8,5,1500,8760,2006,1489.0,2.0,2005.0,2,3,CollgCr,1Story,Gd,Gd
175900,7,5,1270,7242,2005,1270.0,2.0,2005.0,2,2,CollgCr,1Story,Gd,Gd
191000,7,5,1795,9316,2005,879.0,2.0,2005.0,2,3,CollgCr,2Story,Gd,Gd
176432,6,5,1314,9317,2006,1314.0,2.0,2006.0,2,3,CollgCr,1Story,Gd,Gd
277000,7,5,2062,14364,1988,1157.0,2.0,1988.0,2,3,SawyerW,2Story,TA,Gd
207000,7,5,1873,8883,1988,929.0,2.0,1988.0,2,3,SawyerW,2Story,Gd,Gd
277000,6,7,2144,159000,1958,1444.0,2.0,1958.0,2,4,ClearCr,1.5Fin,Gd,Gd
240000,6,5,1953,53107,1992,1580.0,2.0,1992.0,2,3,ClearCr,2Story,Gd,Gd
187500,6,8,2087,12205,1966,832.0,2.0,1966.0,2,5,ClearCr,2Story,Gd,TA
279000,8,6,1743,20064,1976,966.0,2.0,1976.0,0,0,ClearCr,1Story,Gd,Gd
139500,5,5,1022,14217,1994,1022.0,2.0,1995.0,1,3,CollgCr,1Story,TA,TA
126000,5,5,990,8775,1994,990.0,1.0,1996.0,1,3,CollgCr,1Story,TA,TA
177500,6,5,1200,11249,1995,1200.0,2.0,1995.0,2,3,CollgCr,1Story,Gd,Gd
175000,6,6,1308,10021,1997,635.0,2.0,1997.0,2,3,CollgCr,2Story,Gd,TA
211000,6,5,1796,9531,1998,794.0,2.0,1998.0,2,3,CollgCr,2Story,TA,TA
146000,5,7,990,8428,1994,990.0,1.0,1995.0,1,3,CollgCr,1Story,TA,TA
147900,5,5,1097,16561,1996,1097.0,1.0,1996.0,1,3,CollgCr,1Story,TA,TA
123600,4,5,990,8070,1994,990.0,0.0,,1,3,CollgCr,1Story,TA,TA
204750,6,5,1786,9337,1997,824.0,2.0,1997.0,2,3,CollgCr,2Story,Gd,TA
235500,7,5,1873,10820,1999,988.0,2.0,1999.0,2,3,CollgCr,2Story,Gd,Gd
217000,7,5,1753,12352,1998,853.0,2.0,1998.0,2,3,CollgCr,2Story,TA,Gd
190550,7,5,1690,9543,2001,845.0,2.0,2001.0,2,3,CollgCr,2Story,Gd,Gd
217500,7,5,1842,8826,2000,985.0,2.0,2000.0,2,3,CollgCr,2Story,Gd,Gd
226000,7,5,1479,10665,2003,1453.0,2.0,2003.0,2,3,CollgCr,1Story,Gd,Gd
180000,7,5,1668,11317,2003,840.0,2.0,2003.0,2,3,CollgCr,2Story,Gd,Gd
131000,5,5,894,11800,1974,864.0,2.0,1974.0,1,3,CollgCr,1Story,TA,TA
153500,5,5,1025,8660,1976,1015.0,2.0,1979.0,2,3,CollgCr,SLvl,TA,TA
160000,5,7,1009,9720,1977,995.0,2.0,1977.0,2,3,CollgCr,SLvl,TA,TA
134900,5,5,1040,8982,1977,1040.0,2.0,1977.0,1,3,CollgCr,1Story,TA,TA
130000,5,4,907,16300,1977,876.0,1.0,1977.0,1,3,CollgCr,1Story,TA,TA
120000,5,6,879,9675,1975,864.0,2.0,1975.0,1,3,CollgCr,1Story,TA,TA
112500,5,5,882,7700,1972,882.0,2.0,1980.0,1,3,CollgCr,1Story,TA,TA
122000,5,6,969,10356,1975,969.0,2.0,1975.0,1,3,CollgCr,1Story,TA,TA
127000,5,5,864,7200,1972,864.0,2.0,1977.0,1,3,CollgCr,1Story,Ex,TA
117000,4,8,875,7200,1972,385.0,2.0,1975.0,1,3,CollgCr,1Story,Gd,TA
305900,8,5,2000,10386,2004,2000.0,3.0,2004.0,2,3,CollgCr,1Story,Gd,Gd
228500,8,5,2169,9375,2002,1284.0,2.0,2002.0,2,3,CollgCr,2Story,Gd,Gd
270000,7,5,1673,11354,2000,1673.0,2.0,2000.0,2,3,CollgCr,1Story,Gd,Gd
192000,7,5,1459,8749,2002,1459.0,2.0,2002.0,2,3,CollgCr,1Story,Gd,Gd
213000,7,5,1932,8749,2003,979.0,2.0,2003.0,2,3,CollgCr,2Story,Gd,Gd
200000,7,5,1729,8158,2002,860.0,2.0,2002.0,2,3,CollgCr,2Story,Gd,Gd
267000,8,5,2452,16226,1998,1028.0,2.0,1998.0,2,4,CollgCr,2Story,Gd,Gd
228000,8,5,1592,11927,1994,1556.0,2.0,1994.0,2,3,CollgCr,1Story,Gd,Gd
275000,8,5,2439,12728,2001,1531.0,2.0,2001.0,2,4,CollgCr,2Story,Gd,Gd
211000,7,5,1992,15295,1996,860.0,2.0,1996.0,2,3,CollgCr,2Story,Gd,Gd
285000,9,5,1668,11248,2002,1626.0,3.0,2002.0,2,3,CollgCr,1Story,Gd,Gd
240000,8,5,2090,10000,1995,1220.0,2.0,1995.0,2,3,CollgCr,2Story,Gd,Gd
131500,6,5,848,4435,2003,848.0,2.0,2003.0,1,1,CollgCr,1Story,Gd,Gd
246900,8,5,1341,17227,1999,1341.0,2.0,1999.0,1,1,CollgCr,1Story,Gd,Gd
219500,7,5,1928,8200,2003,847.0,2.0,2003.0,2,4,CollgCr,2Story,Gd,Gd
185000,7,5,1337,8450,2003,1337.0,2.0,2003.0,2,3,CollgCr,1Story,Gd,Gd
179400,7,5,1476,8145,2007,738.0,2.0,2007.0,2,3,CollgCr,2Story,Gd,Gd
213500,7,5,1797,9245,2006,939.0,2.0,2006.0,2,3,CollgCr,2Story,Gd,Gd
179600,7,5,1422,8500,2004,1422.0,2.0,2004.0,2,3,CollgCr,1Story,Gd,Gd
173500,7,5,1190,8769,2005,1169.0,2.0,2005.0,2,2,CollgCr,1Story,Gd,Gd
167840,6,5,1330,8334,2006,1330.0,2.0,2006.0,2,3,CollgCr,1Story,Gd,Gd
168675,7,5,1491,8333,2006,738.0,2.0,2006.0,2,3,CollgCr,2Story,Gd,Gd
167000,5,5,1536,9045,2005,768.0,2.0,2005.0,2,3,CollgCr,2Story,Gd,Gd
140000,5,7,1214,9170,1965,1214.0,2.0,1965.0,1,2,Edwards,1Story,TA,TA
118500,5,5,936,9825,1967,936.0,1.0,1967.0,1,2,Edwards,SFoyer,TA,TA
110000,4,6,1088,8308,1963,1088.0,2.0,2002.0,1,2,Edwards,1Story,TA,TA
94750,4,5,960,10921,1965,960.0,1.0,1965.0,1,3,Edwards,1Story,TA,TA
122000,5,6,1351,16287,1925,901.0,2.0,1975.0,1,3,Edwards,1.5Fin,TA,TA
110000,6,6,1179,8240,1960,1179.0,2.0,1960.0,1,2,Edwards,1Story,TA,TA
118500,6,5,816,11841,1990,816.0,0.0,,1,3,Edwards,SFoyer,TA,TA
133500,6,6,1044,6285,1976,960.0,2.0,1976.0,1,3,Edwards,SLvl,TA,TA
148000,6,7,1113,7917,1976,1143.0,1.0,1987.0,1,3,Edwards,1Story,TA,TA
141000,5,6,2233,9555,1979,0.0,2.0,1979.0,2,5,Edwards,2Story,TA,TA
155000,5,5,1125,8536,2006,1125.0,2.0,2007.0,1,2,Edwards,1Story,TA,TA
157000,5,5,1090,7024,2005,1090.0,2.0,2005.0,1,2,Edwards,1Story,TA,TA
171500,5,5,1408,7023,2005,734.0,2.0,2005.0,2,3,Edwards,2Story,TA,TA
183850,10,5,5095,39290,2008,5095.0,3.0,2008.0,2,2,Edwards,1Story,Ex,Ex
184750,10,5,4676,40094,2007,3138.0,3.0,2007.0,3,3,Edwards,2Story,Ex,Ex
140000,6,5,1072,3675,2005,547.0,2.0,2005.0,1,2,Edwards,SFoyer,Gd,TA
131750,5,7,960,6400,1959,960.0,1.0,1959.0,1,2,Edwards,1Story,Fa,TA
61500,4,3,1152,6882,1955,0.0,0.0,,2,2,Edwards,1Story,Fa,TA
111000,4,5,948,10215,1954,864.0,1.0,1954.0,1,3,Edwards,1Story,TA,TA
98500,5,6,1195,8741,1946,1195.0,0.0,,2,4,Edwards,1Story,TA,TA
79000,3,6,774,4270,1931,544.0,0.0,,1,3,Edwards,1Story,Gd,TA
108500,6,8,865,10042,1920,660.0,1.0,1920.0,1,2,Edwards,1.5Fin,TA,TA
110000,4,5,894,9450,1954,894.0,2.0,1999.0,1,3,Edwards,1Story,TA,TA
112000,4,7,1346,11767,1910,560.0,1.0,1950.0,1,2,Edwards,2Story,TA,TA
125000,4,5,768,8172,1955,768.0,1.0,1959.0,1,2,Edwards,1Story,TA,TA
79275,4,5,864,8172,1955,864.0,2.0,1996.0,1,3,Edwards,1Story,TA,TA
119000,4,6,948,8190,1954,948.0,1.0,1956.0,1,3,Edwards,1Story,TA,TA
200000,6,7,3395,10896,1914,1440.0,0.0,,2,8,SWISU,2.5Fin,Fa,Fa
150000,5,6,2592,10890,1923,1296.0,0.0,,2,6,SWISU,2Story,TA,TA
165000,6,7,1502,10592,1923,602.0,1.0,1923.0,1,3,Crawfor,2Story,Gd,TA
96500,5,5,789,10594,1926,768.0,1.0,1926.0,1,2,Crawfor,1.5Unf,TA,TA
136500,5,5,1422,7223,1926,1290.0,1.0,1973.0,1,3,Crawfor,1Story,TA,TA
146500,6,7,1298,6821,1921,651.0,1.0,1994.0,2,2,Crawfor,1.5Fin,TA,TA
175000,5,7,1768,7200,1937,731.0,1.0,1939.0,1,3,SWISU,1.5Fin,Gd,TA
148500,7,8,1098,4000,1930,531.0,1.0,1930.0,1,2,Crawfor,2Story,TA,TA
141500,6,7,1436,6720,1921,585.0,1.0,1992.0,1,3,Crawfor,2Story,TA,TA
189950,7,8,1426,7642,1918,912.0,1.0,1925.0,1,3,Crawfor,1.5Fin,Gd,Gd
135000,6,8,1461,7155,1926,686.0,1.0,1926.0,1,3,Crawfor,2Story,TA,TA
164000,7,5,1646,7128,1941,918.0,1.0,1941.0,2,4,Crawfor,2.5Unf,TA,TA
90350,5,6,694,4280,1913,440.0,1.0,1990.0,1,2,Crawfor,1Story,Gd,TA
139000,5,6,1250,5362,1910,661.0,2.0,1985.0,2,3,Crawfor,1.5Fin,TA,TA
119750,5,7,954,6305,1938,920.0,1.0,1938.0,1,2,Crawfor,1Story,Fa,TA
145000,6,6,1958,7136,1946,979.0,2.0,1946.0,2,4,Crawfor,2Story,TA,TA
145000,5,6,2002,6270,1949,1001.0,3.0,1949.0,2,4,Crawfor,2Story,TA,TA
238000,7,7,1718,7230,1927,851.0,2.0,1927.0,2,4,Crawfor,2.5Unf,Gd,TA
153500,5,5,1226,13108,1951,0.0,2.0,1951.0,1,2,Crawfor,1Story,TA,TA
239000,6,6,2624,22420,1918,1370.0,3.0,1918.0,2,4,Crawfor,2Story,TA,TA
359100,8,6,3194,12168,1934,965.0,2.0,1934.0,2,4,Crawfor,2Story,TA,TA
188000,4,6,1755,7810,1930,930.0,1.0,1930.0,2,4,Crawfor,1.5Fin,Gd,TA
220000,6,7,1991,11275,1932,854.0,2.0,1977.0,1,3,Crawfor,1.5Fin,TA,TA
140000,5,5,1355,6221,1941,728.0,2.0,1966.0,2,3,Crawfor,1.5Fin,TA,TA
315000,8,8,2727,10570,1932,853.0,2.0,1932.0,2,3,Crawfor,2Story,Gd,Gd
259500,6,8,2320,7259,1945,1028.0,1.0,1945.0,2,3,Crawfor,2Story,Gd,TA
257500,6,7,1839,14442,1957,1477.0,2.0,1957.0,2,3,Crawfor,1Story,Gd,TA
219500,7,6,1740,13125,1940,800.0,1.0,1940.0,1,3,Crawfor,2Story,TA,TA
217000,6,5,2259,21000,1953,1809.0,2.0,1953.0,2,3,Crawfor,1Story,Gd,TA
201000,6,4,1560,25485,1960,1560.0,2.0,1960.0,1,3,Crawfor,1Story,TA,TA
215000,6,6,1488,21579,1968,1488.0,2.0,1968.0,2,3,Crawfor,1Story,TA,TA
123900,6,6,1045,1782,1980,516.0,2.0,1980.0,1,2,Blueste,2Story,TA,TA
170000,4,5,1680,17871,1995,1680.0,2.0,1996.0,2,4,Crawfor,1Story,Gd,TA
200000,8,5,1020,3907,1988,1004.0,2.0,1988.0,1,1,Blueste,1Story,TA,TA
198000,7,5,1696,20693,1971,1696.0,2.0,1971.0,2,3,Crawfor,1Story,TA,TA
200624,6,3,2515,32668,1957,2035.0,2.0,1975.0,3,4,Crawfor,1Story,TA,Gd
315000,8,5,2726,18044,1986,279.0,2.0,1986.0,2,2,Crawfor,1Story,Gd,Gd
115000,5,7,1517,8500,1919,793.0,0.0,,2,3,IDOTRR,1.5Fin,Fa,TA
141000,6,7,1215,7000,1940,720.0,2.0,1965.0,1,3,IDOTRR,1.5Fin,Gd,TA
87000,5,6,803,5000,1941,720.0,2.0,1941.0,1,2,IDOTRR,1.5Unf,TA,TA
129850,5,7,1601,7288,1925,936.0,0.0,,2,3,IDOTRR,1.5Fin,TA,Gd
100000,4,5,1123,6060,1939,732.0,1.0,1979.0,1,3,IDOTRR,1.5Fin,TA,TA
150909,5,6,1828,9060,1923,859.0,,,2,3,IDOTRR,2Story,Gd,TA
75200,5,7,816,3672,1922,816.0,1.0,1922.0,1,2,IDOTRR,1Story,TA,TA
118400,6,5,1012,8263,1920,1012.0,1.0,1920.0,1,2,IDOTRR,1Story,TA,TA
67000,5,2,1077,8967,1920,961.0,1.0,1920.0,1,2,IDOTRR,1Story,TA,TA
152000,5,5,1558,13710,1950,910.0,1.0,1950.0,1,4,IDOTRR,1.5Fin,TA,TA
68104,2,4,845,11067,1939,0.0,1.0,1950.0,1,1,IDOTRR,1.5Fin,TA,TA
119600,5,6,1991,8250,1895,957.0,0.0,,2,4,IDOTRR,2Story,TA,TA
140000,4,6,1073,6565,1957,1073.0,2.0,1985.0,1,3,IDOTRR,1Story,TA,TA
124900,5,9,1001,6060,1930,837.0,1.0,1930.0,1,2,IDOTRR,1Story,Gd,Gd
375000,8,5,1625,5568,2006,1573.0,2.0,2006.0,2,2,Crawfor,1Story,Gd,Gd
235000,8,5,1625,4750,2006,1573.0,2.0,2006.0,2,2,Crawfor,1Story,Gd,Gd
183500,6,6,1299,12150,1979,1001.0,2.0,1979.0,2,2,Mitchel,SFoyer,Gd,TA
156000,6,6,912,7540,1978,888.0,2.0,1978.0,1,2,Mitchel,SFoyer,TA,TA
134000,6,5,1080,9187,1983,1084.0,2.0,1983.0,1,3,Mitchel,1Story,TA,TA
215000,5,5,1392,10000,2002,1441.0,3.0,2002.0,2,3,Mitchel,1Story,Gd,Gd
245000,7,5,1409,12864,2002,1409.0,2.0,2002.0,1,1,Mitchel,1Story,Gd,Gd
210000,7,5,1478,9928,1991,1454.0,2.0,1991.0,2,3,Mitchel,1Story,TA,TA
148000,7,6,918,8750,1975,852.0,1.0,1975.0,1,3,Mitchel,SLvl,TA,TA
143000,6,6,1026,8410,1974,970.0,2.0,1974.0,1,2,Mitchel,SFoyer,TA,TA
244000,7,6,1501,4054,1987,1501.0,2.0,1987.0,2,2,Timber,1Story,Gd,Gd
330000,7,5,1502,9763,1998,1502.0,1.0,1998.0,1,1,GrnHill,1Story,Gd,Gd
170000,5,6,1328,16905,1959,1350.0,1.0,1959.0,1,2,Timber,1Story,TA,TA
257000,6,8,2279,19958,1958,585.0,2.0,1958.0,2,4,Timber,1Story,Gd,TA
231713,7,5,1689,8368,2006,1689.0,2.0,2007.0,2,3,Timber,1Story,Gd,Gd
267300,8,5,1564,8298,2006,1546.0,2.0,2207.0,2,2,Timber,1Story,Ex,Gd
265900,8,5,1484,9037,2006,1476.0,2.0,2006.0,2,2,Timber,1Story,Ex,Gd
239000,8,5,1571,10991,2007,1571.0,3.0,2007.0,2,3,Timber,1Story,Gd,Gd
248900,8,5,1646,10656,2006,1638.0,3.0,2007.0,2,3,Timber,1Story,Gd,Gd
174000,7,7,1240,10331,1985,1265.0,2.0,1985.0,2,3,Timber,1Story,Gd,TA
187500,7,5,1717,13758,1990,1156.0,2.0,1990.0,2,3,Timber,1.5Fin,Gd,Gd
204000,6,5,1756,9303,1996,872.0,2.0,1996.0,2,3,Timber,2Story,TA,Gd
180500,8,5,1312,6718,2001,1267.0,2.0,2001.0,2,2,Timber,1Story,Gd,Gd
187500,7,5,1146,9590,2003,868.0,2.0,2003.0,2,3,Timber,SLvl,Gd,Gd
282000,8,5,1922,11305,2002,1922.0,3.0,2002.0,2,2,Timber,1Story,Gd,Gd
178000,6,5,1491,7777,1996,1491.0,2.0,1996.0,2,3,Timber,1Story,TA,Gd
270000,8,5,1629,14536,2002,1616.0,3.0,2002.0,2,3,Timber,1Story,Gd,Gd
279900,7,5,2486,11800,2003,1122.0,2.0,2003.0,3,5,Timber,2Story,Gd,Gd
186700,5,4,1572,35133,1963,1572.0,3.0,1963.0,1,3,Timber,1Story,TA,TA
283463,8,5,1776,15306,2006,1732.0,3.0,2006.0,2,3,Timber,1Story,Gd,Gd
392000,10,5,1824,12633,2006,1824.0,3.0,2006.0,2,3,Timber,1Story,Ex,Ex
281213,8,5,2482,12665,2005,1094.0,3.0,2005.0,2,4,Timber,2Story,Gd,Gd
147000,5,5,1120,8402,2007,1120.0,0.0,,1,3,Mitchel,1Story,TA,TA
130000,3,5,2034,43500,1953,0.0,4.0,1953.0,1,2,Mitchel,1Story,TA,TA
140000,6,5,936,6710,1996,920.0,2.0,1996.0,0,0,Mitchel,SFoyer,TA,TA
132250,4,5,1040,25286,1963,1064.0,2.0,1963.0,1,3,Mitchel,1Story,TA,TA
143000,5,4,1632,25000,1967,1632.0,2.0,1967.0,2,4,Mitchel,1Story,TA,TA
168000,4,4,1622,32463,1961,1249.0,4.0,1975.0,1,3,Mitchel,1Story,TA,TA
129900,5,7,1060,4224,1976,1040.0,2.0,1976.0,1,3,MeadowV,1Story,TA,TA
134000,5,5,1142,4224,1976,1142.0,2.0,1976.0,1,3,MeadowV,1Story,TA,TA
85500,4,4,1092,1504,1972,546.0,1.0,1972.0,1,3,MeadowV,2Story,TA,TA
106500,4,5,992,1533,1970,530.0,1.0,1970.0,1,2,MeadowV,SLvl,TA,TA
93900,4,6,1092,1495,1970,546.0,0.0,,1,3,MeadowV,2Story,TA,TA
75000,4,5,1092,2001,1970,546.0,1.0,1970.0,1,3,MeadowV,2Story,TA,TA
84500,4,6,630,1936,1970,630.0,0.0,,1,1,MeadowV,SFoyer,TA,TA
75190,4,3,1092,1890,1976,546.0,1.0,1976.0,1,3,MeadowV,2Story,TA,TA
146800,6,5,1062,11333,1976,1029.0,2.0,1976.0,1,3,Mitchel,SLvl,TA,TA
153500,5,5,1008,9129,1977,923.0,2.0,1977.0,1,1,Mitchel,SFoyer,Gd,TA
188000,6,6,1356,15957,1977,1244.0,2.0,1977.0,2,3,Mitchel,SLvl,TA,TA
196000,5,6,1676,33983,1977,1160.0,2.0,1977.0,1,3,Mitchel,1Story,Gd,TA
157000,5,7,1432,8286,1977,716.0,2.0,1977.0,1,3,Mitchel,2Story,TA,TA
138000,5,7,796,6723,1971,796.0,0.0,,1,2,Mitchel,SFoyer,TA,TA
129500,5,7,768,7244,1970,768.0,2.0,1987.0,1,2,Mitchel,SFoyer,TA,TA
80000,4,3,1608,27697,1961,1396.0,1.0,1961.0,1,3,Mitchel,1Story,TA,TA
129500,4,6,845,7599,1982,845.0,2.0,1987.0,1,2,Mitchel,1Story,TA,TA
135000,5,6,1178,11000,1976,1090.0,2.0,1976.0,1,3,Mitchel,1Story,TA,TA
124500,5,7,816,8314,1982,816.0,1.0,1982.0,1,2,Mitchel,1Story,TA,TA
139000,5,7,816,11625,1983,816.0,1.0,1983.0,1,2,Mitchel,1Story,TA,TA
93500,5,5,974,10712,1991,974.0,0.0,,1,3,Mitchel,1Story,TA,TA
124500,5,6,887,10447,1984,864.0,1.0,1984.0,1,3,Mitchel,1Story,TA,TA
149900,6,5,1293,11027,1954,1178.0,2.0,1954.0,2,2,NAmes,1Story,TA,TA
157500,6,6,1024,10533,1956,1008.0,1.0,1956.0,1,2,NAmes,1Story,Gd,TA
169000,5,5,1797,11765,1957,1617.0,3.0,1957.0,1,3,NAmes,1Story,TA,TA
252000,6,6,1390,39384,1957,1705.0,2.0,1957.0,1,1,NAmes,1Story,Ex,TA
192100,7,6,1851,11727,1969,1851.0,2.0,1969.0,2,3,NAmes,1Story,TA,TA
183500,6,5,1525,8238,1997,813.0,2.0,1997.0,2,3,Gilbert,2Story,TA,TA
222000,7,5,2236,13006,1997,964.0,2.0,1997.0,2,4,Gilbert,2Story,Gd,TA
170000,6,5,1671,13041,1995,781.0,2.0,1995.0,2,3,Gilbert,2Story,TA,TA
187500,6,5,1498,13031,1995,691.0,2.0,1995.0,2,3,Gilbert,2Story,TA,TA
202000,6,5,1776,9783,1996,821.0,2.0,1996.0,2,3,Gilbert,2Story,TA,TA
185000,6,5,1511,11207,1997,802.0,2.0,1997.0,2,3,Gilbert,2Story,TA,TA
320000,7,5,2462,19378,2005,1392.0,2.0,2006.0,2,4,Gilbert,2Story,Gd,Gd
240000,7,5,1670,14859,2006,1670.0,3.0,2006.0,2,3,Gilbert,1Story,Gd,Gd
250000,8,5,2064,13128,2005,1074.0,2.0,2005.0,2,4,Gilbert,2Story,Gd,Gd
239900,8,5,1801,10463,2005,893.0,3.0,2005.0,2,3,Gilbert,2Story,Gd,Gd
309000,7,5,2212,13751,2005,1700.0,3.0,2006.0,2,3,Gilbert,2Story,Gd,Gd
274725,7,5,2021,23257,2006,868.0,2.0,2006.0,2,3,Gilbert,2Story,Gd,Gd
270000,8,5,2687,13108,1994,2062.0,2.0,1994.0,2,4,StoneBr,2Story,Gd,Gd
183500,6,6,1169,8076,1993,1160.0,2.0,1993.0,2,3,Gilbert,1Story,TA,TA
165600,6,5,1501,7685,1993,697.0,2.0,1993.0,2,3,Gilbert,2Story,Gd,TA
176500,7,5,1632,9084,1998,935.0,2.0,1998.0,2,3,Gilbert,2Story,TA,TA
130000,8,5,1204,3701,1987,1191.0,2.0,1987.0,2,2,StoneBr,1Story,TA,TA
239000,7,7,1767,5306,1987,1064.0,2.0,1987.0,2,2,StoneBr,2Story,Gd,Gd
275000,8,5,1742,6563,1985,1742.0,2.0,1985.0,2,2,StoneBr,1Story,Gd,Gd
457347,9,5,2798,16023,2005,1398.0,3.0,2005.0,3,3,StoneBr,2Story,Ex,Gd
545224,10,5,3390,18062,2006,1528.0,3.0,2006.0,3,5,StoneBr,2Story,Ex,Ex
356383,9,5,2473,12292,2006,1094.0,3.0,2006.0,2,4,StoneBr,2Story,Gd,Gd
556581,9,5,2868,16056,2005,1992.0,3.0,2005.0,3,4,StoneBr,2Story,Ex,Gd
361919,8,5,2576,12438,2006,1234.0,3.0,2006.0,2,4,StoneBr,2Story,Ex,Ex
535000,10,5,2698,16052,2006,1850.0,3.0,2006.0,2,4,StoneBr,2Story,Ex,Ex
401179,9,5,2795,15922,2005,1390.0,3.0,2005.0,3,4,StoneBr,2Story,Ex,Gd
438780,10,5,2945,13682,2006,1410.0,3.0,2006.0,3,3,StoneBr,2Story,Gd,Ex
169000,5,6,2320,14762,1948,0.0,2.0,1979.0,2,2,Gilbert,2Story,TA,TA
145000,5,5,1056,34650,1955,1056.0,2.0,1955.0,1,3,Gilbert,1Story,TA,TA
318000,9,5,1714,8147,2005,1714.0,2.0,2005.0,2,2,StoneBr,1Story,Gd,Gd
319000,8,5,1826,11302,2005,1814.0,3.0,2005.0,2,3,StoneBr,1Story,Gd,Gd
470000,9,5,2000,18261,2005,1910.0,3.0,2005.0,2,3,StoneBr,1Story,Ex,Ex
202500,7,7,1621,14145,1984,1208.0,2.0,1984.0,2,3,NWAmes,1Story,Gd,Gd
229000,7,5,2183,13837,1988,1204.0,3.0,1988.0,2,4,NWAmes,1.5Fin,Gd,Gd
235000,7,7,2263,16659,1977,795.0,2.0,1977.0,2,3,NWAmes,2Story,Gd,TA
190000,6,5,1574,18800,1976,796.0,2.0,1976.0,2,3,NWAmes,2Story,TA,TA
169000,6,6,1102,10464,1980,988.0,2.0,1980.0,1,2,NWAmes,SFoyer,TA,TA
241500,7,5,1872,10400,1988,1845.0,2.0,1988.0,2,3,NWAmes,1Story,TA,TA
188900,7,5,1857,10530,1978,945.0,2.0,1978.0,2,4,NWAmes,2Story,TA,TA
207500,6,6,1686,10240,1980,1686.0,2.0,1980.0,2,3,NWAmes,1Story,TA,TA
250000,7,5,2784,16692,1978,1392.0,2.0,1978.0,3,5,NWAmes,2Story,Gd,TA
179900,6,6,1552,11475,1975,713.0,2.0,1975.0,2,3,NWAmes,2Story,TA,TA
172000,7,5,1083,9927,1976,1047.0,2.0,1976.0,1,2,NWAmes,SFoyer,TA,Gd
294323,7,5,2318,9512,2005,960.0,2.0,2005.0,2,3,Somerst,2Story,Gd,Gd
184500,6,6,1875,10530,1975,675.0,2.0,1975.0,3,3,NWAmes,SLvl,Gd,TA
153500,5,6,1074,10140,1975,1056.0,2.0,1975.0,1,3,NWAmes,1Story,TA,TA
162900,7,5,1664,10140,1976,832.0,2.0,1976.0,2,4,NWAmes,2Story,TA,TA
181000,6,6,1309,10140,1974,1040.0,2.0,1974.0,1,3,NWAmes,1Story,Gd,TA
155000,6,6,1103,10000,1974,1103.0,2.0,1974.0,2,3,NWAmes,1Story,TA,TA
138800,5,5,1096,15870,1969,1096.0,1.0,1969.0,1,3,NAmes,1Story,TA,TA
116050,4,5,864,9353,1970,864.0,1.0,1972.0,1,3,NAmes,1Story,TA,TA
88000,4,4,858,8125,1971,858.0,0.0,,1,3,NAmes,1Story,TA,TA
97500,4,4,874,7200,1971,864.0,2.0,1995.0,1,3,NAmes,1Story,TA,TA
190000,6,5,1419,8773,2002,1487.0,2.0,2002.0,2,2,NAmes,1Story,Gd,Gd
105500,6,5,1092,2760,1973,525.0,2.0,1973.0,1,3,BrDale,2Story,TA,TA
125500,5,6,1365,2160,1973,765.0,2.0,1973.0,1,3,BrDale,2Story,Gd,TA
83000,6,5,987,1953,1973,483.0,1.0,1973.0,1,2,BrDale,2Story,TA,TA
116000,6,7,1030,1890,1972,494.0,1.0,1973.0,1,3,BrDale,2Story,TA,TA
91500,6,5,1218,1680,1971,672.0,0.0,,1,3,BrDale,2Story,TA,TA
118000,6,7,1218,1680,1972,672.0,1.0,1972.0,1,3,BrDale,2Story,TA,TA
89000,6,5,948,1680,1972,483.0,1.0,1972.0,1,2,BrDale,2Story,TA,TA
108000,6,5,1092,1680,1972,525.0,1.0,1972.0,1,3,BrDale,2Story,TA,TA
94500,6,5,987,1680,1972,483.0,1.0,1972.0,1,2,BrDale,2Story,TA,TA
146300,6,5,1069,4043,1975,1069.0,2.0,1975.0,2,2,NPkVill,1Story,TA,TA
145000,5,7,1387,7514,1967,943.0,1.0,1974.0,1,3,NAmes,1Story,TA,TA
123000,5,5,900,7838,1967,864.0,1.0,1967.0,1,3,NAmes,SFoyer,TA,TA
137500,7,7,1055,2280,1976,1055.0,1.0,1976.0,2,2,NPkVill,1Story,TA,TA
144000,6,5,1456,2179,1976,855.0,2.0,1976.0,2,3,NPkVill,2Story,TA,TA
315000,9,5,1980,16737,2004,1980.0,3.0,2004.0,2,3,NridgHt,1Story,Ex,Gd
412083,9,5,2589,16387,2006,1738.0,3.0,2006.0,2,4,NridgHt,2Story,Ex,Gd
342643,9,5,2596,16259,2006,1249.0,3.0,2006.0,3,4,NridgHt,2Story,Gd,TA
252000,8,5,1618,16163,2004,1618.0,3.0,2004.0,2,2,NridgHt,1Story,Gd,Gd
465000,10,5,2076,13891,2006,2076.0,3.0,2006.0,2,2,NridgHt,1Story,Ex,Ex
293000,7,5,1740,12228,2006,1721.0,3.0,2006.0,2,4,NridgHt,1Story,Gd,Gd
415000,9,5,1868,14780,2005,1868.0,3.0,2005.0,2,2,NridgHt,1Story,Ex,Ex
326000,9,5,1850,16033,2004,1833.0,3.0,2004.0,2,3,NridgHt,1Story,Gd,Gd
325300,8,5,2376,14215,2005,1158.0,3.0,2005.0,3,4,NridgHt,2Story,Gd,Gd
309000,8,5,2452,13418,2004,1117.0,3.0,2004.0,3,4,NridgHt,2Story,Gd,Gd
300000,9,5,2206,13975,2005,1090.0,3.0,2005.0,2,4,NridgHt,2Story,Ex,Gd
275500,8,5,2098,10240,2005,1030.0,3.0,2005.0,2,3,NridgHt,2Story,Ex,Gd
338500,9,5,2091,9942,2005,1606.0,2.0,2005.0,2,3,NridgHt,2Story,Ex,Ex
345000,9,5,2324,11924,2005,1175.0,3.0,2005.0,3,4,NridgHt,2Story,Ex,Ex
344133,8,5,2253,12867,2005,1209.0,2.0,2005.0,2,3,NridgHt,2Story,Ex,Gd
298236,8,5,2389,10672,2006,1054.0,3.0,2006.0,2,4,NridgHt,2Story,Gd,Gd
329900,8,5,2358,11643,2005,1524.0,3.0,2005.0,2,4,NridgHt,2Story,Ex,Gd
360000,9,5,1944,12378,2003,1896.0,3.0,2003.0,2,3,NridgHt,1Story,Ex,Gd
281000,8,5,1970,11065,2006,1085.0,3.0,2006.0,2,3,NridgHt,2Story,Ex,Gd
372397,9,5,1792,13758,2005,1792.0,3.0,2005.0,2,2,NridgHt,1Story,Gd,Ex
378000,9,5,1780,14828,2004,1780.0,3.0,2004.0,2,2,NridgHt,1Story,Ex,Ex
374000,9,5,1792,11846,2003,1792.0,3.0,2003.0,2,2,NridgHt,1Story,Ex,Gd
437154,9,5,2728,20431,2005,1848.0,3.0,2006.0,2,4,NridgHt,2Story,Ex,Ex
275000,8,5,1904,10927,2005,1058.0,2.0,2003.0,2,3,NridgHt,2Story,Ex,Gd
279000,8,5,1914,13215,2004,1420.0,3.0,2004.0,2,3,NridgHt,2Story,Gd,Gd
185850,7,5,1364,7052,2005,1364.0,2.0,2005.0,2,2,NridgHt,1Story,Gd,Gd
282500,9,5,1565,5911,2005,1560.0,2.0,2005.0,2,2,NridgHt,1Story,Ex,Ex
202500,7,5,1368,6955,2005,1368.0,2.0,2005.0,2,2,NridgHt,1Story,Gd,Gd
202665,7,5,1368,6792,2005,1368.0,2.0,2005.0,2,2,NridgHt,1Story,Gd,Gd
332200,9,5,1686,7740,2006,1686.0,3.0,2006.0,2,1,NridgHt,1Story,Ex,Gd
310090,9,5,1666,6373,2006,1666.0,2.0,2006.0,2,2,NridgHt,1Story,Gd,Ex
171750,7,5,1405,3136,2003,1405.0,2.0,2003.0,2,2,NridgHt,1Story,Gd,Gd
169990,6,5,1316,10237,2005,1316.0,2.0,2005.0,2,3,Gilbert,1Story,Gd,Gd
170440,6,5,1456,10237,2005,728.0,2.0,2005.0,2,3,Gilbert,2Story,Gd,Gd
169985,7,5,1492,10237,2006,738.0,2.0,2006.0,2,3,Gilbert,2Story,Gd,Gd
179665,7,5,1496,17104,2006,654.0,2.0,2006.0,2,3,Gilbert,2Story,Gd,Gd
219210,7,5,1863,14054,2006,879.0,3.0,2006.0,2,4,Gilbert,2Story,Gd,Gd
174190,6,5,1326,11660,2006,1326.0,2.0,2006.0,2,3,Gilbert,1Story,Gd,Gd
172785,6,5,1456,15578,2006,728.0,2.0,2006.0,2,3,Gilbert,2Story,TA,Gd
258000,8,5,2373,11631,2004,1052.0,3.0,2004.0,2,4,Gilbert,2Story,Gd,Gd
185101,7,5,1492,9073,2006,738.0,2.0,2006.0,2,3,Gilbert,2Story,Gd,Gd
210250,7,5,1364,3087,2006,1220.0,2.0,2006.0,2,2,Blmngtn,1Story,Gd,Gd
234000,7,5,1557,3196,2003,1374.0,2.0,2003.0,2,2,Blmngtn,1Story,Gd,Gd
215000,8,5,1456,3196,2003,1273.0,2.0,2003.0,2,2,Blmngtn,1Story,Gd,Gd
246990,7,5,1511,2938,2002,1368.0,2.0,2002.0,2,2,Blmngtn,1Story,Gd,Gd
178740,7,5,1414,3072,2004,1375.0,2.0,2004.0,2,2,Blmngtn,1Story,Gd,Gd
225000,7,5,1548,3072,2004,1365.0,2.0,2004.0,2,2,Blmngtn,1Story,Gd,Gd
167240,7,5,1248,3010,2005,1248.0,2.0,2005.0,2,2,Blmngtn,1Story,Gd,Gd
156820,7,5,1142,3010,2005,1142.0,2.0,2005.0,2,2,Blmngtn,1Story,Gd,Gd
213490,7,5,1506,3013,2005,1362.0,2.0,2005.0,2,2,Blmngtn,1Story,Gd,Gd
264561,8,5,1567,3982,2006,1520.0,3.0,2006.0,2,1,Blmngtn,1Story,Ex,Gd
246578,7,5,1500,4045,2006,1356.0,3.0,2006.0,2,2,Blmngtn,1Story,Gd,Gd
192140,5,5,1838,21930,2005,732.0,2.0,2005.0,2,4,Gilbert,2Story,TA,Gd
183200,6,5,1509,7861,2002,783.0,2.0,2002.0,2,3,Gilbert,2Story,Gd,Gd
178000,8,5,1414,9056,2004,707.0,2.0,2004.0,2,3,Gilbert,2Story,Gd,Gd
201490,7,5,1598,9171,2004,848.0,2.0,2004.0,2,3,Gilbert,2Story,Gd,Gd
230500,8,5,1936,11194,2000,1406.0,2.0,2000.0,2,3,Gilbert,2Story,Gd,Gd
180000,7,5,1509,7875,2003,783.0,2.0,2003.0,2,3,Gilbert,2Story,Gd,Gd
172400,6,5,1664,8121,2000,953.0,2.0,2000.0,2,3,Gilbert,2Story,TA,TA
215000,6,5,1889,8658,2000,982.0,2.0,2000.0,2,3,Gilbert,2Story,TA,TA
199900,7,5,1886,11214,1998,930.0,2.0,1998.0,2,4,Gilbert,2Story,Gd,Gd
173000,6,5,1671,10852,2000,959.0,2.0,2000.0,2,3,Gilbert,2Story,TA,TA
287602,7,5,2322,12104,2006,1035.0,3.0,2006.0,3,4,Gilbert,2Story,Gd,Gd
230000,7,5,2291,8738,1999,975.0,2.0,1999.0,2,4,Gilbert,2Story,Gd,Gd
348000,8,5,2392,9452,1997,1396.0,3.0,1997.0,2,3,NoRidge,2Story,Gd,Gd
286000,8,5,1976,9660,1998,1044.0,3.0,1998.0,2,3,NoRidge,2Story,Gd,Gd
300000,8,5,2234,9545,2000,1160.0,3.0,2000.0,2,3,NoRidge,2Story,Gd,Gd
625000,10,5,3627,35760,1995,1930.0,3.0,1995.0,3,4,NoRidge,2Story,Gd,Gd
405000,9,5,2855,9233,2000,1540.0,3.0,2000.0,2,4,NoRidge,2Story,Ex,Gd
280000,8,5,1924,12011,1998,1086.0,2.0,1998.0,2,3,NoRidge,2Story,Gd,Gd
258000,8,5,2263,12090,1998,1141.0,2.0,1998.0,2,4,NoRidge,2Story,Gd,Gd
350000,8,5,2726,10019,1995,1342.0,3.0,1995.0,2,4,NoRidge,2Story,Gd,Gd
584500,9,5,3500,17242,1993,1733.0,3.0,1993.0,3,4,NoRidge,2Story,Ex,Gd
321000,8,5,2494,10236,1994,1290.0,3.0,1994.0,2,4,NoRidge,2Story,Gd,Gd
290000,8,5,2526,10120,1994,1165.0,3.0,1994.0,2,4,NoRidge,2Story,Gd,Gd
315000,8,5,2799,12585,1993,1286.0,3.0,1993.0,2,3,NoRidge,2Story,Gd,Gd
252000,8,5,1964,12447,2005,1100.0,2.0,2005.0,2,3,Somerst,2Story,Gd,Gd
336820,8,5,1670,15218,2006,1670.0,3.0,2006.0,2,2,Somerst,1Story,Gd,Gd
423000,8,5,2097,20896,2005,2077.0,3.0,2005.0,1,1,Somerst,1Story,Ex,Gd
290000,8,5,1660,10182,2006,1660.0,2.0,2006.0,2,3,Somerst,1Story,Gd,Gd
232000,7,5,1616,8688,2005,1616.0,3.0,2005.0,2,3,Somerst,1Story,Gd,Gd
199000,8,5,1504,10936,2006,1504.0,2.0,2006.0,2,3,Somerst,1Story,Gd,Gd
198600,8,5,1278,8640,2006,1278.0,2.0,2006.0,2,2,Somerst,1Story,Gd,Gd
405749,9,5,2640,13162,2006,2036.0,3.0,2006.0,3,3,Somerst,2Story,Ex,Gd
232600,8,5,1489,11216,2006,1489.0,2.0,2006.0,2,3,Somerst,1Story,Gd,Gd
266000,8,5,1939,10728,2006,1095.0,3.0,2006.0,2,3,Somerst,2Story,Gd,Gd
186500,7,5,1553,8125,2005,756.0,2.0,2005.0,2,3,Somerst,2Story,Gd,Gd
200825,6,5,1716,8125,2005,858.0,2.0,2005.0,2,3,Somerst,2Story,Gd,Gd
197000,7,5,1576,8125,2006,770.0,2.0,2006.0,2,3,Somerst,2Story,Gd,Gd
185000,6,5,1262,7200,2006,1262.0,2.0,2006.0,2,2,Somerst,1Story,Gd,Gd
176000,7,5,1266,7500,2005,1257.0,2.0,2005.0,2,3,Somerst,1Story,Gd,Gd
187750,7,5,1301,7200,2006,1293.0,2.0,2006.0,2,2,Somerst,1Story,Gd,Gd
139500,6,5,1142,7733,2005,1142.0,0.0,,1,3,SawyerW,1Story,Gd,TA
186800,7,5,1400,11024,2005,1400.0,2.0,2005.0,2,3,SawyerW,1Story,Gd,Gd
132000,6,5,1131,13072,2005,1131.0,0.0,,1,3,SawyerW,1Story,Gd,TA
142500,6,5,1141,13072,2005,1141.0,2.0,2005.0,1,3,SawyerW,1Story,TA,Gd
158000,6,5,1158,13072,2004,1158.0,2.0,2006.0,1,3,SawyerW,1Story,Gd,TA
184000,7,5,1686,7800,2005,891.0,2.0,2005.0,2,3,SawyerW,2Story,Gd,Gd
184900,7,5,1585,7632,2005,784.0,2.0,2005.0,2,3,SawyerW,2Story,Gd,Gd
187000,6,5,1837,8304,1997,941.0,2.0,1997.0,2,3,SawyerW,2Story,TA,TA
175900,6,5,1603,7153,1992,761.0,2.0,1992.0,2,3,SawyerW,2Story,Gd,Gd
248500,6,5,1731,9370,1992,836.0,2.0,1992.0,2,3,SawyerW,2Story,Gd,Gd
172000,6,5,1398,7175,1990,1398.0,2.0,1990.0,2,2,SawyerW,1Story,Gd,Gd
151000,6,5,1217,7175,1991,1217.0,2.0,1991.0,2,2,SawyerW,1Story,Gd,Gd
150000,6,5,1320,9019,1994,636.0,2.0,1994.0,2,3,SawyerW,2Story,Gd,TA
107000,4,4,1056,8900,1966,1056.0,1.0,1966.0,1,2,SawyerW,1Story,TA,TA
119900,5,5,965,7800,1965,828.0,1.0,1979.0,1,3,SawyerW,1Story,TA,TA
129500,5,4,988,9100,1962,988.0,2.0,1977.0,1,3,Sawyer,1Story,TA,TA
125000,5,5,1728,9100,1963,1728.0,2.0,1963.0,2,6,Sawyer,1Story,TA,TA
119500,6,6,1654,8927,1977,0.0,2.0,1977.0,2,4,Sawyer,1.5Fin,TA,TA
144000,5,6,1211,9240,1962,864.0,2.0,1972.0,1,2,Sawyer,1Story,TA,TA
151000,6,7,1212,8471,1977,506.0,2.0,1978.0,1,3,Sawyer,SLvl,TA,TA
126000,5,5,984,9308,1965,984.0,1.0,1965.0,1,3,Sawyer,1Story,TA,TA
116000,5,6,909,8450,1968,882.0,1.0,1968.0,1,3,Sawyer,1Story,TA,TA
133500,5,6,925,8638,1963,925.0,2.0,1990.0,1,2,Sawyer,1Story,TA,TA
120875,5,6,1024,13052,1965,1024.0,1.0,1965.0,1,3,Sawyer,1Story,TA,TA
137000,5,6,935,13526,1965,935.0,1.0,1965.0,1,3,Sawyer,1Story,TA,TA
124000,5,6,912,8020,1964,912.0,0.0,,1,3,Sawyer,1Story,TA,TA
135000,5,7,1236,6993,1961,912.0,1.0,1961.0,1,3,Sawyer,1Story,TA,TA
129200,5,6,941,8789,1967,912.0,1.0,1967.0,1,3,Sawyer,1Story,TA,TA
260000,7,4,2646,14330,1974,1748.0,2.0,1974.0,2,3,Veenker,SLvl,Gd,Gd
260000,8,5,2417,16059,1991,1288.0,2.0,1991.0,2,4,NoRidge,2Story,Gd,Gd
334000,8,5,2826,11025,1992,1334.0,3.0,1992.0,2,3,NoRidge,2Story,Gd,Gd
310000,8,7,2520,14541,1993,1338.0,3.0,1993.0,2,5,NoRidge,2Story,Gd,Gd
268000,7,5,2295,13346,1992,1095.0,2.0,1992.0,2,4,NoRidge,2Story,Gd,Gd
262000,8,5,1624,12461,1994,1624.0,3.0,1994.0,2,2,NoRidge,1Story,Gd,Gd
176400,7,5,1143,3628,2004,1143.0,2.0,2004.0,1,1,Somerst,1Story,Gd,Gd
197000,8,5,1247,3316,2005,1247.0,2.0,2005.0,1,1,Somerst,1Story,Gd,Gd
151000,7,5,1200,3180,2005,600.0,2.0,2005.0,2,2,Somerst,2Story,Gd,TA
147400,7,5,1223,2544,2005,600.0,2.0,2005.0,2,2,Somerst,2Story,Gd,Gd
149900,7,5,1223,2544,2005,600.0,2.0,2005.0,2,2,Somerst,2Story,Gd,Gd
144152,7,5,1200,3180,2005,600.0,2.0,2005.0,2,2,Somerst,2Story,Gd,Gd
166000,6,5,1524,2998,2000,756.0,2.0,2000.0,2,2,Somerst,2Story,Gd,Gd
183900,7,5,1452,3735,1999,691.0,2.0,1999.0,2,3,Somerst,2Story,Gd,Gd
165000,7,5,1382,2651,2000,673.0,2.0,2000.0,2,3,Somerst,2Story,Gd,Gd
139000,7,5,1080,4447,2003,530.0,2.0,2003.0,2,2,Somerst,2Story,Gd,Gd
200000,7,5,1694,8314,1997,569.0,1.0,1997.0,2,3,Somerst,2Story,Gd,Gd
221000,8,5,1568,7180,2001,1568.0,2.0,2001.0,2,3,Somerst,1Story,Gd,Gd
270000,8,5,1494,9549,1995,1494.0,2.0,1995.0,1,2,Veenker,1Story,Ex,Gd
165000,6,6,1208,11250,1977,1208.0,2.0,1977.0,1,3,Veenker,1Story,TA,Gd
214000,8,5,1235,3760,1980,1235.0,2.0,1980.0,1,1,Greens,1Story,TA,Gd
188000,8,5,1036,3640,1980,1036.0,2.0,1980.0,1,1,Greens,1Story,Gd,Gd
190000,8,5,1226,3874,1980,1226.0,2.0,1980.0,1,1,Greens,1Story,Gd,Gd
170000,8,5,1226,3876,1978,1226.0,2.0,1978.0,1,1,Greens,1Story,Gd,Gd
385000,9,5,1842,50271,1981,1842.0,3.0,1981.0,0,0,Veenker,1Story,Gd,Gd
146500,5,6,1193,13110,1972,1153.0,2.0,1972.0,2,2,NWAmes,1Story,TA,TA
170000,7,6,1920,10192,1968,570.0,2.0,1968.0,3,4,NWAmes,SLvl,Gd,TA
262500,7,7,2156,20781,1968,1568.0,2.0,1968.0,2,3,NWAmes,1Story,TA,TA
179900,6,6,1416,11700,1968,708.0,2.0,1968.0,2,3,NWAmes,2Story,TA,TA
250000,6,7,2654,11029,1968,1054.0,2.0,1968.0,2,4,NWAmes,2Story,Gd,TA
165150,6,5,1790,10400,1972,732.0,2.0,1972.0,1,4,NWAmes,2Story,TA,TA
164500,7,6,1334,10140,1967,1334.0,2.0,1967.0,2,3,NWAmes,1Story,TA,TA
140000,7,5,1164,9600,1969,1164.0,2.0,1969.0,1,3,NWAmes,1Story,TA,TA
135500,5,5,980,9750,1967,980.0,1.0,1967.0,2,3,NAmes,SLvl,TA,TA
142000,5,5,1051,9600,1968,1051.0,2.0,1968.0,1,3,NAmes,1Story,TA,TA
155000,5,5,1770,8640,1968,900.0,2.0,1968.0,1,4,NAmes,2Story,TA,TA
157500,6,7,976,9360,1968,976.0,2.0,1968.0,1,2,NAmes,1Story,Gd,TA
138500,5,5,1052,8400,1968,1052.0,1.0,1968.0,1,3,NAmes,1Story,TA,TA
140000,5,6,898,8400,1968,833.0,1.0,1968.0,1,3,NAmes,SFoyer,TA,TA
124400,5,5,1051,9759,1966,1051.0,1.0,1966.0,1,3,NAmes,1Story,TA,TA
158000,5,7,1141,9600,1967,1141.0,1.0,1967.0,1,3,NAmes,SLvl,TA,TA
146000,5,8,1200,9230,1965,864.0,2.0,1977.0,1,1,NAmes,1Story,Gd,TA
190000,6,5,1993,14803,1971,825.0,2.0,1971.0,2,4,NWAmes,2Story,TA,TA
136500,5,6,1050,10659,1961,1050.0,1.0,1961.0,1,3,NAmes,1Story,TA,TA
129900,5,5,864,9100,1958,864.0,2.0,1964.0,1,3,NAmes,1Story,TA,TA
145000,5,5,1712,8393,1959,1626.0,2.0,2005.0,2,4,NAmes,1Story,TA,TA
185900,6,7,1565,8800,1965,1187.0,1.0,1965.0,2,3,NAmes,1Story,Gd,TA
160000,6,6,1251,8800,1964,1251.0,1.0,1964.0,1,3,NAmes,1Story,TA,TA
167000,6,6,1488,10368,1964,1008.0,2.0,1964.0,1,3,NAmes,1Story,TA,TA
157500,5,6,1440,9350,1964,720.0,2.0,1964.0,1,4,NAmes,2Story,TA,TA
140000,6,5,1095,10382,1958,588.0,1.0,1958.0,1,2,NAmes,SLvl,TA,TA
150000,5,7,1053,8973,1958,1008.0,2.0,1998.0,1,3,NAmes,1Story,Ex,TA
151500,5,7,1248,10800,1960,1248.0,1.0,1960.0,1,3,NAmes,1Story,TA,TA
129800,6,8,816,8550,1934,816.0,1.0,1949.0,1,2,NAmes,1Story,TA,TA
137000,5,6,1008,11425,1954,1008.0,1.0,1954.0,1,2,NAmes,1Story,TA,TA
137000,5,7,1043,9724,1947,938.0,1.0,1947.0,1,2,NAmes,1Story,TA,TA
121600,4,7,1230,4712,1946,747.0,1.0,1946.0,1,3,BrkSide,1.5Fin,TA,TA
85500,4,7,869,5900,1923,440.0,0.0,,1,2,BrkSide,1Story,Fa,TA
79900,4,5,747,5825,1926,600.0,2.0,1953.0,1,1,BrkSide,1Story,TA,TA
127000,5,8,1252,7438,1908,504.0,2.0,1986.0,1,3,BrkSide,1.5Fin,TA,TA
161000,5,6,1433,9600,1961,1251.0,2.0,1961.0,1,3,NAmes,1Story,TA,TA
146500,5,6,1624,10858,1952,1444.0,1.0,1952.0,1,2,NAmes,1Story,TA,TA
135000,5,5,1216,9600,1951,1056.0,1.0,1951.0,1,3,NAmes,1Story,TA,TA
137900,5,3,2136,10680,1951,2136.0,2.0,1951.0,2,4,NAmes,1Story,TA,TA
133000,6,7,1578,9490,1941,806.0,1.0,1941.0,1,3,NAmes,1.5Fin,Fa,TA
137000,5,6,1728,9462,1949,704.0,1.0,1949.0,1,3,NAmes,2Story,TA,TA
121000,5,6,936,9888,1954,936.0,1.0,1954.0,1,2,NAmes,1Story,TA,TA
119000,5,5,1584,8917,1967,1584.0,2.0,1967.0,2,4,NAmes,1Story,TA,TA
172000,6,5,1246,12700,1964,1246.0,2.0,1964.0,1,3,NAmes,SLvl,TA,TA
98600,5,3,1235,8500,1961,1235.0,2.0,1961.0,1,2,NAmes,1Story,TA,TA
226000,7,6,2157,14200,1966,924.0,2.0,1966.0,2,4,NAmes,2Story,Gd,TA
118000,5,5,1128,9000,1954,936.0,1.0,1954.0,1,2,NAmes,1Story,TA,TA
235000,8,4,3112,25419,1918,1360.0,2.0,1918.0,2,4,NAmes,2Story,Gd,Gd
135000,6,7,1008,9723,1963,1008.0,2.0,1963.0,1,2,NAmes,1Story,TA,TA
132500,5,6,1190,7728,1962,1106.0,2.0,1962.0,1,3,NAmes,SLvl,TA,TA
143000,5,6,1144,8163,1959,1144.0,1.0,1959.0,1,3,NAmes,SLvl,TA,TA
132000,5,5,1364,8400,1957,1179.0,1.0,1957.0,1,3,NAmes,1Story,TA,TA
145250,6,5,1383,11600,1960,1383.0,1.0,1960.0,1,3,NAmes,1Story,TA,TA
162000,6,6,1336,9610,1958,1121.0,2.0,1958.0,1,3,NAmes,1Story,TA,TA
148000,5,6,1370,10000,1956,1058.0,1.0,1956.0,1,3,NAmes,SLvl,TA,TA
141000,5,5,1092,14850,1957,1092.0,1.0,1957.0,1,2,NAmes,1Story,TA,TA
153000,6,6,1124,10152,1956,1124.0,1.0,1956.0,1,3,NAmes,1Story,TA,TA
134450,5,6,1236,10011,1957,1070.0,1.0,1957.0,1,2,NAmes,1Story,Gd,TA
135960,5,5,943,7032,1979,943.0,2.0,1979.0,1,2,NAmes,SFoyer,TA,TA
156000,6,8,1050,8092,1954,1050.0,1.0,1954.0,1,3,NAmes,1Story,Gd,TA
140000,6,5,1375,11310,1954,1367.0,2.0,1954.0,1,2,NAmes,1Story,TA,TA
139500,5,6,1008,12778,1952,1008.0,1.0,1952.0,1,2,NAmes,1Story,TA,TA
155000,6,6,1575,10170,1951,216.0,2.0,1951.0,1,2,NAmes,1Story,Gd,TA
127000,5,7,1145,7700,1956,301.0,2.0,1993.0,1,3,NAmes,SLvl,TA,TA
133500,5,5,1005,11050,1956,1005.0,1.0,1956.0,1,2,NAmes,1Story,TA,TA
125000,5,6,1056,13600,1955,1056.0,1.0,1955.0,1,3,NAmes,1Story,TA,TA
142000,5,6,884,15428,1951,884.0,1.0,1951.0,1,2,NAmes,1Story,TA,TA
167000,7,5,2039,21299,1941,929.0,3.0,1941.0,1,3,NAmes,1Story,TA,Gd
159000,5,5,1384,13300,1956,1015.0,2.0,2001.0,1,2,NAmes,1Story,TA,TA
180000,5,5,2640,22136,1925,2171.0,3.0,1977.0,2,5,OldTown,1.5Fin,TA,TA
127000,6,6,1312,7500,1947,784.0,2.0,1953.0,1,3,NAmes,1.5Fin,TA,TA
112000,6,6,1310,7000,1924,617.0,1.0,1924.0,2,2,OldTown,1.5Fin,TA,TA
99800,3,8,713,10410,1930,713.0,1.0,1936.0,1,2,OldTown,1Story,Gd,TA
117000,5,7,833,5400,1954,833.0,1.0,1955.0,1,2,OldTown,1Story,Gd,TA
108480,5,6,1073,5400,1921,1073.0,1.0,1968.0,1,2,OldTown,1Story,TA,TA
68000,3,3,715,10914,1929,715.0,2.0,1967.0,1,2,NAmes,1Story,TA,TA
86900,4,8,720,7008,1900,448.0,1.0,1900.0,1,1,OldTown,1.5Fin,Fa,TA
120000,5,6,1130,10800,1920,1120.0,2.0,1970.0,1,2,OldTown,1Story,TA,TA
155500,6,8,1595,7200,1915,663.0,2.0,1974.0,2,3,OldTown,2Story,TA,TA
80000,4,4,1760,10818,1910,1077.0,2.0,1935.0,1,4,OldTown,1.5Fin,TA,TA
105000,3,4,1214,10410,1915,672.0,3.0,1998.0,1,3,OldTown,1.5Fin,TA,TA
160000,5,4,2414,10800,1900,954.0,2.0,1970.0,2,3,OldTown,1.5Fin,TA,TA
170000,5,8,1466,10800,1936,796.0,2.0,1950.0,2,3,OldTown,1.5Fin,Gd,TA
160000,6,5,1324,8658,1965,1088.0,2.0,1965.0,2,3,NAmes,1Story,TA,TA
159950,5,5,1086,13400,1966,1024.0,2.0,1966.0,1,3,NAmes,SLvl,TA,TA
165000,6,5,1146,10184,1963,1083.0,1.0,1963.0,1,3,NAmes,SLvl,TA,TA
159000,6,7,1734,9786,1962,912.0,2.0,1962.0,1,3,NAmes,1.5Fin,Gd,TA
147000,6,5,1207,9510,1962,1135.0,1.0,1962.0,1,3,NAmes,1Story,TA,TA
115000,5,5,912,7800,1964,912.0,1.0,1964.0,1,2,NAmes,1Story,TA,TA
159500,6,6,1194,8910,1959,655.0,2.0,1954.0,1,3,NAmes,1Story,TA,TA
120000,6,6,864,7332,1959,864.0,1.0,1959.0,1,2,NAmes,1Story,Gd,TA
129900,5,7,816,7100,1957,816.0,1.0,1957.0,1,2,NAmes,1Story,TA,TA
183000,6,6,1773,10800,1961,1313.0,2.0,1961.0,2,3,NAmes,1Story,TA,TA
157500,7,5,1472,11650,1959,0.0,2.0,1959.0,2,2,NAmes,1Story,Gd,TA
277500,7,8,2448,18275,1962,1438.0,2.0,1962.0,3,3,NAmes,2Story,TA,TA
207500,5,6,1600,16321,1957,1484.0,1.0,1957.0,1,2,NAmes,1Story,TA,TA
147500,4,6,1521,12144,1950,910.0,1.0,1950.0,1,3,NAmes,1.5Fin,Gd,TA
135000,4,4,1192,10800,1949,720.0,0.0,,1,4,NAmes,1.5Fin,TA,TA
109500,5,7,1040,7200,1950,0.0,2.0,1950.0,1,2,NAmes,1Story,TA,TA
109900,4,5,1040,7200,1950,0.0,2.0,1950.0,1,2,NAmes,1Story,TA,TA
133700,5,5,1040,7560,1959,1040.0,1.0,1959.0,1,3,NAmes,1Story,TA,TA
81400,3,4,1040,8544,1950,0.0,2.0,1950.0,2,2,NAmes,1Story,TA,TA
87500,3,4,1040,8544,1949,0.0,2.0,1949.0,2,2,NAmes,1Story,TA,TA
93500,3,4,1040,8544,1950,0.0,2.0,1949.0,2,2,NAmes,1Story,TA,TA
119000,5,5,1556,8512,1960,1556.0,0.0,,2,4,NAmes,1Story,TA,TA
141000,5,6,1150,7945,1959,1150.0,1.0,1959.0,1,3,NAmes,1Story,TA,TA
146000,5,4,1150,7000,1961,1150.0,1.0,1961.0,1,3,NAmes,1Story,TA,TA
155000,6,5,1348,7590,1966,660.0,2.0,1966.0,1,3,NAmes,2Story,TA,TA
134500,5,5,999,10205,1962,925.0,1.0,1962.0,1,3,NAmes,SFoyer,TA,TA
120000,7,6,1045,7400,1962,1045.0,2.0,1962.0,1,3,NAmes,1Story,TA,TA
105000,5,6,864,7000,1962,864.0,1.0,1962.0,1,3,NAmes,1Story,TA,TA
124000,5,5,1025,7000,1962,1025.0,0.0,,1,3,NAmes,SFoyer,TA,TA
169000,5,8,2014,9856,1900,716.0,2.0,1900.0,2,5,OldTown,2Story,TA,Gd
107000,4,4,1328,9906,1925,686.0,1.0,1940.0,1,3,OldTown,2Story,TA,TA
135000,5,6,1668,9600,1948,1212.0,1.0,1948.0,1,3,OldTown,1.5Fin,TA,TA
111500,4,6,1657,5520,1920,1147.0,1.0,1920.0,1,4,OldTown,1.5Fin,Fa,TA
156500,6,8,1416,9600,1900,780.0,2.0,1956.0,1,3,OldTown,1.5Fin,Gd,TA
178000,7,7,1641,9600,1925,728.0,2.0,1925.0,1,3,OldTown,2Story,Ex,TA
139900,7,7,1428,6451,1900,712.0,2.0,1985.0,1,4,OldTown,2Story,TA,TA
105000,7,8,1004,3960,1930,502.0,1.0,1930.0,1,2,OldTown,2Story,Gd,TA
110000,6,8,813,5684,1930,813.0,1.0,1932.0,1,2,OldTown,1Story,Gd,TA
111500,4,6,1951,7745,1900,938.0,2.0,1993.0,2,4,OldTown,1.5Fin,Fa,Gd
108000,6,5,1032,7741,1924,1032.0,1.0,1995.0,1,2,OldTown,1Story,TA,TA
111500,5,7,844,5633,1925,844.0,1.0,1925.0,1,2,OldTown,1Story,TA,TA
124000,5,6,1750,9000,1880,636.0,1.0,1937.0,1,3,OldTown,2Story,Ex,TA
105000,4,5,864,7200,1950,576.0,1.0,1952.0,1,2,OldTown,1Story,TA,TA
116000,6,8,1118,4400,1920,648.0,2.0,1990.0,1,2,OldTown,1.5Fin,TA,TA
96900,3,5,1376,7614,1905,738.0,1.0,1930.0,1,2,OldTown,2Story,TA,TA
135500,5,7,960,6000,1955,960.0,2.0,1976.0,1,3,OldTown,1Story,TA,TA
139000,5,7,1566,6000,1924,816.0,2.0,1976.0,1,5,OldTown,1.5Fin,Gd,TA
61500,3,5,492,7830,1921,492.0,1.0,1921.0,1,1,OldTown,1Story,TA,TA
120000,6,7,1182,9576,1945,770.0,1.0,1945.0,1,3,OldTown,1.5Fin,TA,TA
126175,3,8,1163,5820,1955,1162.0,1.0,1955.0,1,3,OldTown,1Story,TA,TA
64000,3,4,840,5747,1920,798.0,1.0,1938.0,1,2,OldTown,1Story,Fa,TA
137000,6,8,1928,9142,1910,1020.0,1.0,1910.0,2,4,OldTown,2Story,Fa,TA
87000,4,2,1774,9600,1900,1095.0,3.0,1920.0,2,4,OldTown,2Story,TA,TA
163000,7,7,1768,10800,1914,880.0,2.0,1914.0,1,2,OldTown,2.5Unf,TA,TA
155000,7,6,2104,6300,1910,1226.0,2.0,1910.0,2,5,OldTown,2.5Unf,TA,TA
79000,5,4,1440,5000,1900,540.0,1.0,1940.0,1,3,OldTown,1.5Fin,TA,TA
144000,7,6,1690,8850,1916,815.0,1.0,1916.0,1,3,OldTown,2.5Unf,TA,TA
114504,6,7,1368,3600,1910,684.0,1.0,1930.0,1,3,OldTown,2Story,TA,TA
157000,7,7,1762,7200,1920,596.0,2.0,1989.0,1,4,OldTown,2Story,Gd,TA
125000,6,5,1200,11340,1923,1200.0,1.0,1923.0,1,4,OldTown,1Story,TA,TA
475000,10,9,3608,22950,1892,1107.0,3.0,1993.0,2,4,OldTown,2.5Fin,Ex,Gd
93500,5,7,1248,5976,1920,624.0,0.0,,2,2,OldTown,2Story,TA,TA
125000,5,5,960,9750,1958,960.0,2.0,2002.0,1,3,OldTown,1Story,TA,TA
64500,3,3,1020,4761,1918,1020.0,0.0,,1,2,IDOTRR,1.5Unf,Fa,Fa
100000,4,5,788,7446,1941,788.0,0.0,,1,2,BrkSide,1Story,TA,TA
140200,6,5,1577,6435,1939,972.0,1.0,1939.0,1,3,BrkSide,1.5Fin,Fa,TA
202500,6,7,1827,11737,1924,848.0,1.0,1943.0,1,2,BrkSide,2Story,TA,TA
159000,6,7,1664,5000,1947,1004.0,2.0,1950.0,2,3,BrkSide,1.5Fin,TA,TA
119900,5,7,1118,7800,1939,793.0,2.0,1939.0,1,3,OldTown,1.5Fin,TA,TA
114500,6,6,1176,6240,1934,816.0,2.0,1985.0,1,3,BrkSide,1.5Fin,TA,TA
115000,5,4,1344,6240,1936,896.0,1.0,1936.0,1,3,BrkSide,1.5Fin,TA,TA
75000,3,5,1162,6120,1930,728.0,1.0,1930.0,1,3,BrkSide,1.5Fin,TA,Gd
88000,5,7,1015,6120,1925,768.0,1.0,1925.0,1,3,BrkSide,1Story,TA,TA
80500,4,5,912,6240,1947,0.0,0.0,,1,2,BrkSide,1.5Fin,TA,TA
149000,5,6,1576,6240,1928,1042.0,1.0,1928.0,1,3,BrkSide,1.5Fin,TA,TA
110000,5,7,1324,6120,1930,741.0,1.0,1930.0,1,3,BrkSide,1.5Fin,Gd,TA
110500,6,6,1103,6000,1925,1103.0,2.0,1976.0,1,2,OldTown,1Story,Gd,TA
89000,5,7,616,6000,1921,616.0,1.0,1921.0,1,2,BrkSide,1Story,TA,TA
113000,5,6,1048,6380,1922,993.0,1.0,1922.0,1,2,BrkSide,1.5Unf,TA,TA
109000,5,5,816,11672,1925,816.0,1.0,1925.0,1,2,BrkSide,1Story,TA,TA
220000,6,5,2486,33120,1962,1595.0,2.0,1962.0,2,5,OldTown,1.5Fin,TA,TA
129000,4,5,960,9873,1970,960.0,2.0,1970.0,1,3,BrkSide,1Story,TA,TA
117000,6,8,1635,5310,1910,485.0,1.0,1950.0,1,2,OldTown,1.5Fin,Gd,TA
52500,4,4,693,4118,1941,693.0,0.0,,1,2,OldTown,1Story,Fa,TA
107000,4,5,1430,10320,1924,596.0,2.0,1924.0,2,3,IDOTRR,1.5Fin,Fa,TA
116500,5,8,1330,7518,1910,396.0,1.0,2001.0,1,3,IDOTRR,2Story,TA,Fa
72000,5,4,819,9000,1919,610.0,0.0,,1,2,IDOTRR,1Story,Gd,TA
119500,6,6,1376,8600,1937,780.0,1.0,1937.0,2,3,IDOTRR,1.5Fin,TA,TA
125500,5,6,1360,7200,1938,803.0,1.0,1951.0,1,2,IDOTRR,1.5Fin,Gd,TA
91000,3,4,1077,9786,1922,1007.0,1.0,1922.0,1,3,IDOTRR,1Story,TA,TA
84500,6,8,754,6780,1935,520.0,0.0,,1,2,IDOTRR,1.5Fin,TA,TA
90000,6,6,984,7200,1930,984.0,1.0,1930.0,1,3,IDOTRR,1Story,TA,TA
137500,5,5,1422,12375,1951,806.0,1.0,1951.0,1,3,Sawyer,1.5Fin,TA,TA
150000,6,5,1921,11136,1964,1921.0,2.0,1964.0,2,4,Sawyer,1Story,TA,TA
131000,5,5,1640,21370,1950,0.0,2.0,1950.0,1,3,Sawyer,1Story,TA,TA
130000,5,4,1352,6930,1958,1062.0,1.0,1958.0,1,3,ClearCr,SLvl,Gd,TA
125000,5,7,1032,8250,1935,0.0,1.0,1939.0,1,2,Edwards,1Story,TA,TA
80000,5,3,879,5220,1936,830.0,1.0,1936.0,1,2,SWISU,1Story,TA,TA
157000,7,5,1073,5500,2004,1073.0,1.0,2004.0,2,2,SWISU,1Story,TA,TA
148000,4,5,1382,11235,1963,1051.0,2.0,1974.0,1,3,Sawyer,1Story,TA,TA
90000,4,5,1296,10791,1967,0.0,2.0,1967.0,2,2,Sawyer,1Story,TA,TA
154500,6,8,1068,8414,1963,1059.0,1.0,1963.0,1,3,Sawyer,1Story,TA,TA
153600,5,6,1064,11327,1967,1064.0,2.0,1967.0,1,3,Sawyer,1Story,TA,TA
164500,5,6,1320,11777,1966,1164.0,2.0,1966.0,1,3,Sawyer,SLvl,TA,TA
132000,6,7,934,10366,1964,912.0,1.0,1964.0,1,2,Sawyer,SLvl,TA,TA
142500,5,6,1059,9000,1966,1059.0,1.0,1966.0,1,3,Sawyer,1Story,TA,TA
158000,5,5,1159,11553,1968,1051.0,1.0,1968.0,1,3,Sawyer,1Story,TA,TA
149500,6,7,1400,7844,1978,672.0,2.0,1978.0,1,3,Sawyer,2Story,TA,TA
165000,5,5,1458,9535,1967,1176.0,2.0,1967.0,1,3,Sawyer,1Story,TA,TA
180000,5,6,1721,10335,1968,1461.0,2.0,1968.0,2,3,Sawyer,1Story,TA,TA
160500,6,6,1040,7176,1978,960.0,2.0,1979.0,1,3,Sawyer,SLvl,TA,TA
156500,5,4,1967,9662,1977,1967.0,2.0,1977.0,2,6,Sawyer,1Story,TA,TA
157000,5,4,1949,8235,1977,1949.0,2.0,1977.0,2,6,Sawyer,1Story,TA,TA
172500,5,5,1920,13650,1958,1052.0,2.0,1958.0,2,4,Sawyer,1.5Fin,Gd,Gd
155000,5,4,1803,13125,1957,1134.0,2.0,1957.0,2,3,Sawyer,1Story,TA,TA
170000,5,4,1779,17920,1955,1763.0,2.0,1955.0,1,3,Sawyer,1Story,TA,TA
105000,5,5,872,17529,1924,872.0,1.0,1924.0,1,2,Sawyer,1Story,Fa,TA
145000,4,9,960,10246,1965,648.0,1.0,1965.0,0,0,Sawyer,SLvl,TA,TA
168000,5,6,1437,14175,1956,1188.0,2.0,1999.0,1,3,Sawyer,1Story,TA,TA
278000,7,6,1830,20355,1967,1865.0,2.0,1967.0,1,2,ClearCr,1Story,TA,TA
164000,5,6,1000,13050,1963,1000.0,2.0,1993.0,1,1,ClearCr,1Story,TA,TA
225000,7,4,2287,15593,1953,1304.0,2.0,1953.0,2,3,ClearCr,1.5Fin,TA,Gd
130000,5,7,810,10820,1971,782.0,2.0,1973.0,1,2,Sawyer,SFoyer,TA,TA
142500,5,5,894,13350,1974,864.0,2.0,1974.0,1,3,Sawyer,1Story,TA,TA
148400,7,5,1700,1700,1980,430.0,1.0,1980.0,2,2,ClearCr,1.5Fin,Gd,Gd
190000,7,5,1453,5271,1986,1453.0,2.0,1986.0,1,2,ClearCr,1Story,Gd,TA
146000,4,5,1350,9375,1954,967.0,2.0,1954.0,1,3,Edwards,1Story,TA,TA
128000,5,5,1150,6488,1942,799.0,1.0,1942.0,1,3,Edwards,1.5Fin,TA,TA
225000,5,8,2008,7800,1948,896.0,1.0,1948.0,3,3,Edwards,2Story,Ex,TA
274970,6,7,2201,19690,1966,697.0,2.0,1966.0,2,4,Edwards,SLvl,Gd,Gd
235000,6,7,2009,19950,1928,672.0,3.0,1928.0,2,4,Edwards,2Story,TA,TA
415000,6,8,3672,19800,1935,1836.0,2.0,1993.0,3,5,Edwards,2.5Unf,Gd,TA
182000,5,5,1560,11679,1962,1776.0,2.0,1962.0,2,3,Edwards,SLvl,TA,TA
135000,5,6,1488,12048,1952,0.0,2.0,2002.0,1,3,Edwards,1Story,TA,TA
137000,5,8,1057,10519,1955,1057.0,1.0,1955.0,1,3,Edwards,1Story,Gd,TA
136900,6,4,1855,9525,1954,994.0,1.0,1954.0,2,4,Edwards,1.5Fin,TA,TA
149900,6,5,1609,9525,1953,1000.0,1.0,1953.0,1,5,Edwards,1.5Fin,TA,TA
123500,5,7,1148,6420,1952,980.0,1.0,1952.0,1,2,Edwards,1Story,TA,TA
93000,5,5,1124,8335,1954,0.0,0.0,,1,3,Edwards,1Story,TA,TA
91500,5,3,1456,7585,1948,810.0,1.0,1954.0,1,4,Edwards,1.5Fin,TA,TA
180000,6,5,1298,11200,1985,1298.0,2.0,1985.0,2,3,SawyerW,1Story,Gd,Gd
209000,6,4,2559,12128,1989,868.0,2.0,1989.0,2,4,SawyerW,2Story,Ex,Gd
215000,8,5,1911,9554,1993,777.0,2.0,1993.0,2,3,SawyerW,2Story,Gd,Gd
224500,6,8,1440,9069,1993,1344.0,4.0,1993.0,2,2,SawyerW,SFoyer,Gd,Gd
229800,7,5,1876,11003,2005,1308.0,3.0,2005.0,2,3,CollgCr,2Story,Gd,Gd
183600,7,5,1208,7488,2005,1208.0,2.0,2005.0,2,2,CollgCr,1Story,Gd,Gd
194000,7,5,1220,7406,2006,1199.0,2.0,2006.0,2,2,CollgCr,1Story,Gd,Gd
193879,7,5,1294,6762,2006,1286.0,2.0,2006.0,2,2,CollgCr,1Story,Gd,Gd
221500,7,5,1614,11210,2005,1614.0,3.0,2005.0,2,3,CollgCr,1Story,Gd,Gd
204900,7,5,1498,8990,2006,1498.0,2.0,2006.0,2,2,CollgCr,1Story,Gd,Gd
239799,7,5,1962,8760,2006,1391.0,3.0,2006.0,2,3,CollgCr,2Story,Gd,Gd
233555,6,5,1846,13377,2006,1836.0,2.0,2006.0,2,3,CollgCr,1Story,Gd,Gd
260000,7,5,1734,11645,2005,1734.0,2.0,2005.0,2,3,CollgCr,1Story,Gd,Gd
294900,8,5,1590,11645,2005,1570.0,3.0,2005.0,2,2,CollgCr,1Story,Ex,Gd
209700,7,5,1809,10984,2005,945.0,2.0,2005.0,2,3,CollgCr,2Story,Gd,Gd
225000,7,5,1614,9316,2005,1614.0,2.0,2005.0,2,3,CollgCr,1Story,Gd,Gd
181000,7,5,1596,9316,2005,784.0,2.0,2005.0,2,3,CollgCr,2Story,Gd,Gd
220000,8,5,1915,10041,1992,908.0,2.0,1992.0,2,3,SawyerW,2Story,Gd,Gd
190000,5,5,1582,36500,1964,1624.0,2.0,1964.0,2,4,ClearCr,1Story,TA,TA
180000,6,5,988,21453,1969,938.0,2.0,1969.0,1,1,ClearCr,SLvl,TA,TA
280000,7,5,1533,70761,1975,1533.0,2.0,1975.0,2,2,ClearCr,1Story,Gd,TA
158900,6,5,1388,12000,1968,1388.0,2.0,1968.0,2,3,ClearCr,1Story,TA,TA
148000,5,5,914,8846,1996,870.0,2.0,1998.0,1,2,CollgCr,SFoyer,TA,Gd
145000,5,6,1100,13015,1996,1100.0,2.0,1996.0,1,3,CollgCr,1Story,TA,TA
187000,6,5,1499,12438,1995,781.0,2.0,1995.0,2,3,CollgCr,2Story,Gd,Gd
193000,7,5,1425,8685,1998,1425.0,2.0,1998.0,2,3,CollgCr,1Story,TA,TA
156000,5,5,990,13568,1995,990.0,2.0,1996.0,1,3,CollgCr,1Story,TA,TA
235000,7,5,1525,9100,2000,1525.0,2.0,2000.0,2,3,CollgCr,1Story,Gd,Gd
217000,6,5,1494,9236,1997,1479.0,2.0,1997.0,2,3,CollgCr,1Story,Gd,TA
214000,7,5,1588,10264,1999,1588.0,2.0,1999.0,2,3,CollgCr,1Story,Gd,Gd
196000,7,5,1749,9272,1999,842.0,2.0,1999.0,2,3,CollgCr,2Story,Gd,Gd
217000,7,5,1779,13426,1999,951.0,2.0,1999.0,2,3,CollgCr,2Story,Gd,Gd
200000,7,5,1861,13450,2002,916.0,2.0,2002.0,2,3,CollgCr,2Story,Gd,Gd
192500,7,5,1776,14006,2002,936.0,2.0,2002.0,2,3,CollgCr,2Story,Gd,Gd
205000,7,5,1541,13704,2001,1541.0,3.0,2001.0,2,3,CollgCr,1Story,Gd,Gd
132500,5,5,954,10780,1976,911.0,2.0,1976.0,1,3,CollgCr,SLvl,TA,TA
157500,6,6,1388,8340,1977,675.0,1.0,1977.0,1,3,CollgCr,2Story,TA,TA
174000,6,6,1282,10385,1978,995.0,3.0,1989.0,2,3,CollgCr,SLvl,TA,TA
128500,5,6,971,9920,1969,971.0,1.0,1969.0,1,3,CollgCr,1Story,TA,TA
128500,5,7,864,9560,1972,864.0,1.0,1972.0,1,3,CollgCr,1Story,TA,TA
149900,5,7,894,9800,1972,894.0,2.0,1975.0,1,3,CollgCr,1Story,TA,TA
119900,5,8,864,7200,1972,864.0,1.0,1977.0,1,3,CollgCr,1Story,TA,TA
137000,6,5,1320,3612,1993,630.0,2.0,1993.0,2,3,Landmrk,2Story,TA,TA
255000,8,5,1989,11367,2002,1065.0,2.0,2002.0,2,3,CollgCr,2Story,Gd,Gd
222000,7,5,1762,9930,2002,826.0,2.0,2002.0,2,3,CollgCr,2Story,Gd,Gd
214000,6,5,1755,9468,1999,840.0,2.0,1999.0,2,3,CollgCr,2Story,TA,TA
220000,8,5,1358,11088,2002,1348.0,2.0,2002.0,1,1,CollgCr,1Story,Gd,Gd
275000,8,5,1787,14781,2001,1753.0,3.0,2001.0,2,3,CollgCr,1Story,Gd,Gd
197000,7,5,1909,8726,2002,872.0,2.0,2002.0,2,4,CollgCr,2Story,Gd,Gd
230000,7,5,1654,8125,2002,1654.0,3.0,2002.0,2,3,CollgCr,1Story,Gd,Gd
268500,8,5,2214,10566,1999,1090.0,3.0,1999.0,2,3,CollgCr,2Story,Gd,Gd
210900,7,5,2049,21533,1996,1065.0,2.0,1997.0,2,4,CollgCr,2Story,Gd,Gd
227000,7,5,1939,11250,1998,1054.0,3.0,1998.0,2,3,CollgCr,2Story,Gd,TA
237000,7,5,1995,11250,1995,930.0,2.0,1995.0,2,4,CollgCr,2Story,Gd,Gd
274300,7,6,2097,9750,1998,1108.0,2.0,1998.0,2,3,CollgCr,2Story,Gd,TA
216837,7,5,1836,9100,2004,1860.0,2.0,2004.0,2,3,CollgCr,1Story,Gd,Gd
133000,6,5,848,4435,2003,848.0,2.0,2003.0,1,1,CollgCr,1Story,Gd,Gd
155900,6,5,848,4435,2004,848.0,2.0,2004.0,1,1,CollgCr,1Story,Gd,Gd
233230,8,5,1919,15611,2006,1079.0,2.0,2006.0,2,3,CollgCr,2Story,Gd,Gd
207000,7,5,1390,8810,2003,1390.0,2.0,2003.0,2,3,CollgCr,1Story,Gd,Gd
195000,7,5,1948,12393,2004,847.0,2.0,2004.0,2,4,CollgCr,2Story,Gd,Gd
200000,6,5,1700,9135,2003,1682.0,2.0,2003.0,2,3,CollgCr,1Story,Gd,Gd
203160,7,5,1737,8581,2006,851.0,2.0,2006.0,2,3,CollgCr,2Story,Gd,Gd
195800,7,5,1611,8400,2005,784.0,2.0,2005.0,2,3,CollgCr,2Story,Gd,Gd
212900,7,5,1552,10084,2005,1552.0,3.0,2005.0,2,3,CollgCr,1Story,Gd,Gd
196500,7,5,1720,11645,2004,860.0,2.0,2004.0,2,3,CollgCr,2Story,Gd,Gd
198000,7,5,1336,8772,2005,1336.0,2.0,2005.0,2,3,CollgCr,1Story,Gd,Gd
173900,6,5,1500,8846,2005,750.0,2.0,2005.0,2,3,CollgCr,2Story,Gd,TA
163990,6,5,1456,8461,2005,728.0,2.0,2005.0,2,3,CollgCr,2Story,Gd,Gd
164990,7,5,1310,8767,2005,1310.0,2.0,2005.0,2,3,CollgCr,1Story,Gd,Gd
98000,4,6,1436,8777,1910,676.0,2.0,1950.0,2,3,Edwards,2Story,TA,TA
149900,5,4,1466,17755,1959,1466.0,2.0,1959.0,1,3,Edwards,1Story,Fa,TA
102000,4,5,1220,8877,1951,836.0,2.0,1951.0,1,2,Edwards,1Story,TA,TA
127500,6,5,1012,7840,1975,976.0,0.0,,2,4,Edwards,SFoyer,TA,TA
127500,6,5,980,9400,1975,945.0,0.0,,2,4,Edwards,SFoyer,TA,TA
119900,5,4,1176,16133,1969,1176.0,1.0,1969.0,1,2,Edwards,1Story,TA,TA
196500,7,5,1724,7162,2003,796.0,2.0,2003.0,2,3,Edwards,2Story,Gd,Gd
117250,6,5,914,8050,2002,914.0,0.0,,1,2,Edwards,1Story,Gd,TA
229000,7,5,2314,11060,2003,1150.0,2.0,2003.0,2,3,Edwards,2Story,Gd,Gd
145000,5,5,1072,3675,2005,547.0,2.0,2005.0,1,2,Edwards,SLvl,TA,TA
140000,6,5,1072,3675,2005,547.0,2.0,2005.0,2,2,Edwards,SFoyer,TA,TA
142500,6,5,1072,3675,2005,547.0,2.0,2005.0,1,2,Edwards,SFoyer,TA,TA
134000,7,5,1709,2522,2004,970.0,2.0,2004.0,2,3,Edwards,2Story,Gd,Gd
130000,7,5,1709,2522,2004,970.0,2.0,2004.0,2,3,Edwards,2Story,Gd,Gd
130000,6,5,1709,2522,2004,970.0,2.0,2004.0,2,3,Edwards,2Story,Gd,Gd
137500,7,5,1709,2522,2004,970.0,2.0,2004.0,2,3,Edwards,2Story,Gd,Gd
130000,7,5,1708,3363,2004,976.0,2.0,2004.0,2,3,Edwards,2Story,Gd,Gd
97900,4,7,936,6956,1948,624.0,1.0,1948.0,1,3,Edwards,1.5Fin,TA,TA
92000,6,3,1338,7822,1915,832.0,2.0,1974.0,2,3,Edwards,1.5Fin,TA,TA
107000,4,5,1669,8707,1924,1093.0,1.0,1924.0,1,4,Edwards,1.5Fin,TA,TA
81000,5,3,1184,8410,1910,658.0,0.0,,1,5,Edwards,1.5Fin,TA,TA
104900,5,7,1221,9738,1924,784.0,1.0,1965.0,1,4,Edwards,1.5Fin,TA,TA
115000,5,7,864,8172,1955,864.0,2.0,1957.0,1,2,Edwards,1Story,TA,TA
125000,4,4,1482,16012,1954,954.0,2.0,1956.0,2,3,Edwards,1Story,TA,TA
116000,5,7,1250,8248,1918,686.0,1.0,1955.0,1,3,Edwards,1.5Fin,Fa,TA
83000,4,4,1414,8248,1922,864.0,0.0,,1,3,Edwards,1.5Fin,TA,TA
118500,4,5,2230,6204,1912,795.0,1.0,1997.0,1,5,SWISU,2.5Fin,TA,Gd
35000,2,3,498,8088,1922,498.0,1.0,1922.0,1,1,Edwards,1Story,TA,TA
121000,4,7,1273,11388,1910,616.0,1.0,1910.0,1,3,Edwards,1.5Fin,Gd,TA
160000,5,8,1928,7082,1916,686.0,0.0,,2,5,SWISU,2Story,TA,TA
140000,6,5,1595,8400,1940,940.0,1.0,1940.0,1,2,SWISU,1.5Fin,TA,TA
137000,5,5,1551,10890,1938,1058.0,1.0,1938.0,2,3,SWISU,1.5Fin,Fa,TA
128000,6,6,1340,6430,1945,780.0,1.0,1945.0,1,3,SWISU,1.5Fin,TA,TA
160000,7,8,1479,7000,1926,624.0,1.0,1926.0,1,3,SWISU,2Story,Gd,TA
138887,5,5,1784,13132,1914,747.0,1.0,1914.0,1,4,Crawfor,2Story,TA,TA
149000,6,8,1510,4899,1920,755.0,1.0,1920.0,1,3,SWISU,2Story,TA,TA
102000,5,5,1522,6000,1926,1008.0,0.0,,2,4,SWISU,1.5Fin,TA,TA
167000,7,8,1636,9399,1919,818.0,1.0,1919.0,1,4,Crawfor,2.5Unf,Gd,TA
200100,7,6,1802,7588,1920,793.0,1.0,1920.0,1,4,Crawfor,2Story,TA,TA
131000,5,5,1465,10164,1939,992.0,1.0,1939.0,2,3,SWISU,1.5Fin,TA,TA
112000,5,4,1288,6191,1941,824.0,1.0,1941.0,1,4,SWISU,1.5Fin,TA,TA
140000,7,5,1717,9550,1915,756.0,3.0,1998.0,1,3,Crawfor,2Story,Gd,TA
195000,6,5,1550,21780,1920,817.0,1.0,1937.0,1,3,Crawfor,2Story,TA,TA
230000,8,7,1517,11435,1929,792.0,2.0,1931.0,1,3,Crawfor,2Story,Gd,TA
194000,5,6,1717,12400,1940,901.0,1.0,1940.0,1,2,Crawfor,1.5Fin,TA,TA
137500,4,5,1180,11600,1922,700.0,1.0,1922.0,1,2,Crawfor,1Story,Fa,TA
250000,7,7,2057,11500,1936,1017.0,1.0,1936.0,1,3,Crawfor,1.5Fin,Gd,Gd
218000,7,7,1671,8170,1929,1022.0,2.0,1963.0,2,4,Crawfor,1.5Fin,TA,Gd
239000,6,8,2345,16560,1932,952.0,2.0,1932.0,2,4,Crawfor,2Story,TA,TA
199500,7,7,1609,12320,1932,637.0,3.0,1963.0,1,3,Crawfor,2Story,Gd,TA
210000,6,7,1801,14210,1930,697.0,2.0,1930.0,1,3,Crawfor,2Story,TA,TA
230000,6,7,1811,14115,1956,1073.0,2.0,1956.0,1,2,Crawfor,1Story,Ex,TA
217500,5,6,1647,12984,1977,1430.0,2.0,1977.0,2,3,Crawfor,1Story,Gd,TA
257000,5,7,2315,15600,1950,1168.0,1.0,1950.0,2,4,Crawfor,2Story,TA,TA
157000,5,5,1336,15750,1953,1165.0,1.0,1953.0,1,2,Crawfor,1Story,TA,TA
223000,6,5,1844,16381,1969,1844.0,2.0,1969.0,2,3,Crawfor,1Story,Gd,Gd
102000,5,6,976,7288,1942,976.0,1.0,1942.0,1,2,IDOTRR,1Story,TA,TA
145400,6,7,1285,7000,1926,861.0,2.0,1950.0,1,3,IDOTRR,1.5Fin,TA,TA
72000,4,4,672,8534,1925,432.0,0.0,,1,2,IDOTRR,1Story,TA,TA
85000,4,6,641,7030,1925,641.0,1.0,1925.0,1,2,IDOTRR,1Story,Fa,TA
106500,4,6,951,8765,1936,951.0,1.0,1936.0,1,2,IDOTRR,1Story,TA,TA
139000,6,5,1638,9060,1957,967.0,1.0,1957.0,2,4,IDOTRR,1.5Fin,Gd,TA
108000,4,6,1336,11040,1920,637.0,1.0,1994.0,1,3,IDOTRR,1.5Fin,TA,TA
51689,3,5,729,12366,1945,0.0,0.0,,1,2,IDOTRR,1Story,TA,TA
35311,2,3,480,9000,1949,480.0,1.0,1958.0,0,1,IDOTRR,1Story,TA,TA
115000,5,6,1396,9000,1951,660.0,0.0,,2,4,IDOTRR,1.5Fin,TA,Fa
78000,3,5,936,8520,1916,216.0,0.0,,1,2,IDOTRR,1.5Fin,TA,TA
375000,8,5,1778,5748,2005,1573.0,2.0,2005.0,2,2,Crawfor,1Story,Ex,Gd
300000,8,5,1646,3842,2004,1594.0,2.0,2004.0,2,2,Crawfor,1Story,Gd,Gd
242500,6,6,1625,23580,1979,1625.0,2.0,1979.0,2,3,Mitchel,1Story,Fa,TA
145000,6,5,1664,8385,1978,1664.0,2.0,1978.0,2,4,Mitchel,1Story,TA,TA
209000,8,5,1491,9116,2001,1491.0,2.0,2001.0,2,3,Mitchel,1Story,Gd,Gd
135000,6,5,1004,10530,1977,975.0,2.0,1977.0,1,2,Mitchel,SFoyer,TA,TA
148000,6,6,1210,11080,1975,1128.0,2.0,1975.0,2,3,Mitchel,SLvl,TA,TA
171000,7,5,1959,11070,1988,1907.0,3.0,1989.0,3,5,Mitchel,1Story,TA,TA
335000,7,5,2519,26178,1989,1210.0,2.0,1989.0,2,4,Timber,2Story,Gd,Gd
230000,7,5,1295,8239,1986,0.0,1.0,1986.0,2,2,GrnHill,1Story,Gd,Gd
250764,6,5,1650,50102,1958,1632.0,2.0,1958.0,1,2,Timber,1Story,TA,TA
228000,8,6,1707,16669,1981,1686.0,2.0,1981.0,2,2,Timber,1Story,TA,Gd
176000,6,6,1137,13811,1987,1112.0,2.0,1987.0,2,2,Timber,1Story,Gd,TA
180000,7,5,1339,8049,1990,1309.0,2.0,1990.0,2,2,Timber,1Story,TA,TA
250000,7,5,2514,11170,1990,1216.0,2.0,1990.0,2,4,Timber,2Story,TA,TA
202000,6,5,1403,8098,2000,1381.0,2.0,2000.0,2,2,Timber,1Story,Gd,Gd
312500,8,5,1800,14331,2002,1800.0,3.0,2002.0,2,3,Timber,1Story,Gd,Gd
320000,8,5,1960,13618,2005,1728.0,3.0,2005.0,2,3,Timber,1Story,Gd,Gd
369900,8,5,2028,11443,2005,1868.0,3.0,2005.0,2,2,Timber,1Story,Gd,Gd
359900,9,5,1838,11577,2005,1838.0,3.0,2005.0,2,3,Timber,1Story,Ex,Ex
81500,1,3,1600,31250,1951,0.0,1.0,1951.0,1,3,Mitchel,1Story,TA,TA
215000,7,5,1368,7020,1997,1288.0,4.0,1997.0,2,2,Mitchel,SFoyer,TA,TA
164000,6,5,1216,4500,1998,1216.0,2.0,1998.0,2,2,Mitchel,1Story,TA,TA
153500,6,5,1337,4500,1998,1237.0,2.0,1998.0,2,2,Mitchel,1Story,TA,TA
84500,5,5,1140,17217,2006,1140.0,0.0,,1,3,Mitchel,1Story,TA,TA
104500,5,6,1304,2665,1977,264.0,1.0,1977.0,1,3,MeadowV,2Story,TA,TA
127000,5,6,1475,2665,1977,757.0,1.0,1977.0,2,4,MeadowV,2Story,TA,TA
151400,6,4,2521,3964,1973,942.0,2.0,1973.0,2,5,MeadowV,2Story,TA,TA
126500,5,7,874,10172,1968,864.0,1.0,1968.0,1,3,Mitchel,1Story,TA,TA
146500,5,5,1652,11836,1970,1652.0,3.0,1970.0,2,4,Mitchel,1Story,TA,TA
73000,4,6,630,1470,1970,630.0,0.0,,1,1,MeadowV,SFoyer,TA,TA
79400,4,4,1092,1484,1972,546.0,1.0,1972.0,1,3,MeadowV,2Story,TA,TA
140000,5,5,1360,13384,1969,1104.0,1.0,1969.0,1,3,Mitchel,1Story,TA,TA
92000,5,7,630,1533,1970,630.0,0.0,,1,1,MeadowV,SFoyer,Ex,TA
87550,4,5,1092,1533,1970,546.0,1.0,1970.0,1,3,MeadowV,2Story,TA,TA
79500,4,5,1092,1526,1970,546.0,0.0,,1,3,MeadowV,2Story,TA,TA
90500,4,7,1092,1936,1970,546.0,0.0,,1,3,MeadowV,2Story,TA,TA
71000,4,5,1092,1894,1970,546.0,1.0,1970.0,1,3,MeadowV,2Story,TA,TA
150900,6,5,1728,12640,1976,1728.0,2.0,1976.0,2,4,Mitchel,1Story,TA,TA
188000,5,5,1728,9297,1976,1728.0,2.0,1976.0,2,4,Mitchel,1Story,TA,TA
160000,5,5,1126,17400,1977,1126.0,2.0,1977.0,2,3,Mitchel,1Story,TA,TA
131000,5,7,1224,20000,1960,1224.0,2.0,1960.0,1,4,Mitchel,1Story,TA,TA
142500,6,6,1003,7937,1984,1003.0,2.0,1984.0,1,3,Mitchel,SLvl,TA,TA
131000,5,5,902,8885,1983,864.0,2.0,1983.0,1,2,Mitchel,1Story,TA,TA
132000,5,5,970,10441,1992,912.0,0.0,,1,3,Mitchel,SFoyer,TA,TA
170000,5,5,1389,10010,1974,1389.0,2.0,1975.0,1,2,Mitchel,1Story,TA,TA
188000,7,5,2000,9627,1993,996.0,3.0,1993.0,2,3,Mitchel,2Story,TA,TA
